"","County","Year","Region","TotalPositive","TotalTested","PerPos","Lagged_Income","Lagged_PopDensity","Lagged_DogDensity","Lagged_HDU","Lagged_HDUday","Lagged_TotalPrecip","Bioregion.x","effort","LagAeSierrensisPresence","LagAeAlbopictusPresence","LagAeAegyptiPresence","LagAeVexansPresence","LagAnFreeborniPresence","LagCsIncidensPresence","LagCsInornataPresence","LagCxQuinquePresence","LagCxTarsalisPresence"
"1","Alameda",2012,"Central",41,15836,0.258903764,72.399,2071.603518,485.7421299,265.1086857,137.776176,433.5784889,"BayDelta",45,TRUE,FALSE,FALSE,FALSE,TRUE,TRUE,TRUE,FALSE,TRUE
"2","Alameda",2013,"Central",66,16491,0.400218301,77.214,2102.522327,483.4390068,203.5091972,140.2412747,596.8612295,"BayDelta",148,TRUE,FALSE,FALSE,FALSE,FALSE,TRUE,FALSE,FALSE,TRUE
"3","Alameda",2014,"Central",81,21045,0.384889522,81.717,2137.473613,488.3991962,271.064049,161.6373293,566.8637126,"BayDelta",592,TRUE,FALSE,FALSE,FALSE,FALSE,TRUE,FALSE,FALSE,TRUE
"4","Alameda",2015,"Central",77,23926,0.321825629,89.979,2175.631935,492.191207,243.6432036,144.6084977,326.5471482,"BayDelta",768,TRUE,FALSE,FALSE,FALSE,TRUE,TRUE,TRUE,FALSE,TRUE
"5","Alameda",2017,"Central",74,22025,0.335981839,102.125,2234.032476,498.3287145,270.5509145,159.2268589,469.3865963,"BayDelta",1087,TRUE,FALSE,FALSE,FALSE,TRUE,TRUE,TRUE,FALSE,TRUE
"6","Alameda",2018,"Central",71,27461,0.258548487,108.322,2246.543978,503.5406522,178.1196593,156.8080425,641.3653245,"BayDelta",1201,TRUE,FALSE,FALSE,FALSE,TRUE,TRUE,TRUE,FALSE,TRUE
"7","Alameda",2019,"Central",86,33791,0.254505638,NA,2255.420839,511.0814696,153.9877831,143.8740516,407.1943035,"BayDelta",855,TRUE,FALSE,FALSE,FALSE,TRUE,TRUE,TRUE,FALSE,TRUE
"8","Alameda",2020,"Central",81,38583,0.209937019,NA,2261.608931,517.5853829,235.5138652,162.7959029,535.0315427,"BayDelta",741,FALSE,FALSE,FALSE,TRUE,TRUE,TRUE,TRUE,FALSE,TRUE
"9","Alameda",2021,"Central",17,10669,0.159340144,NA,2249.422192,NA,NA,NA,NA,"BayDelta",NA,TRUE,FALSE,FALSE,FALSE,TRUE,TRUE,TRUE,FALSE,TRUE
"10","Butte",2012,"NorCal",93,3580,2.597765363,42.752,131.1717352,35.11223256,498.9209229,129.921875,754.7741507,"SacramentoValley",NA,FALSE,FALSE,FALSE,FALSE,FALSE,FALSE,FALSE,FALSE,FALSE
"11","Butte",2013,"NorCal",95,4105,2.314250914,42.365,131.7048301,35.14847943,303.9699366,134.359375,1047.199002,"SacramentoValley",NA,FALSE,FALSE,FALSE,FALSE,FALSE,FALSE,FALSE,FALSE,FALSE
"12","Butte",2014,"NorCal",114,4568,2.495621716,45.644,132.1651759,35.4618867,501.4209941,136.859375,917.051408,"SacramentoValley",NA,FALSE,FALSE,FALSE,FALSE,FALSE,FALSE,FALSE,FALSE,FALSE
"13","Butte",2015,"NorCal",127,4979,2.550712995,45.177,133.2832439,35.69437925,482.3097502,134.9609375,517.9891612,"SacramentoValley",NA,FALSE,FALSE,FALSE,FALSE,FALSE,FALSE,FALSE,FALSE,FALSE
"14","Butte",2016,"NorCal",110,5774,1.905091791,49.061,133.9481216,35.89538462,461.8972635,142.0546875,593.4126948,"SacramentoValley",NA,FALSE,FALSE,FALSE,FALSE,FALSE,FALSE,FALSE,FALSE,FALSE
"15","Butte",2017,"NorCal",110,7240,1.519337017,51.652,134.9022063,36.04147048,470.3368056,139.53125,693.5097046,"SacramentoValley",NA,FALSE,FALSE,FALSE,FALSE,FALSE,FALSE,FALSE,FALSE,FALSE
"16","Butte",2018,"NorCal",116,8313,1.395404788,62.563,136.372093,36.39515206,293.3732036,134.46875,1093.159289,"SacramentoValley",NA,FALSE,FALSE,FALSE,FALSE,FALSE,FALSE,FALSE,FALSE,FALSE
"17","Butte",2019,"NorCal",154,10476,1.470026728,NA,137.3518187,36.62691234,272.3307124,134.9609375,714.822423,"SacramentoValley",21,FALSE,FALSE,FALSE,FALSE,FALSE,FALSE,FALSE,FALSE,FALSE
"18","Butte",2020,"NorCal",120,10760,1.115241636,NA,130.7012522,31.56479905,460.1130569,131.90625,986.7372138,"SacramentoValley",NA,FALSE,FALSE,FALSE,FALSE,FALSE,FALSE,FALSE,FALSE,FALSE
"19","Butte",2021,"NorCal",15,2650,0.566037736,NA,126.8598688,NA,NA,NA,NA,"SacramentoValley",NA,FALSE,FALSE,FALSE,TRUE,TRUE,TRUE,FALSE,FALSE,TRUE
"20","Calaveras",2012,"Central",10,1358,0.736377025,NA,43.54869817,16.47379171,347.5082476,136,565.3308178,"Sierra",NA,FALSE,FALSE,FALSE,FALSE,FALSE,FALSE,FALSE,FALSE,FALSE
"21","Calaveras",2013,"Central",17,1455,1.16838488,NA,43.21600771,16.49984378,268.7200985,143,854.483704,"Sierra",NA,FALSE,FALSE,FALSE,FALSE,FALSE,FALSE,FALSE,FALSE,FALSE
"22","Calaveras",2014,"Central",11,1603,0.68621335,NA,43.06171649,16.55135583,421.8375015,156,791.0301738,"Sierra",NA,FALSE,FALSE,FALSE,FALSE,FALSE,FALSE,FALSE,FALSE,FALSE
"23","Calaveras",2015,"Central",13,2758,0.471356055,NA,43.07714561,16.58214465,408.3668513,149,450.6382904,"Sierra",NA,FALSE,FALSE,FALSE,FALSE,FALSE,FALSE,FALSE,FALSE,FALSE
"24","Calaveras",2016,"Central",21,2700,0.777777778,NA,43.36065574,16.59694696,375.9484329,150,482.7660801,"Sierra",NA,FALSE,FALSE,FALSE,FALSE,FALSE,FALSE,FALSE,FALSE,FALSE
"25","Calaveras",2017,"Central",19,2324,0.817555938,NA,43.70491803,16.64016972,380.6215004,150,624.6395938,"Sierra",NA,FALSE,FALSE,FALSE,FALSE,FALSE,FALSE,FALSE,FALSE,FALSE
"26","Calaveras",2018,"Central",8,2299,0.347977381,NA,44.05110897,16.67865574,242.2093341,154,1022.040744,"Sierra",NA,FALSE,FALSE,FALSE,FALSE,FALSE,FALSE,FALSE,FALSE,FALSE
"27","Calaveras",2019,"Central",8,2227,0.359227661,NA,44.06750241,16.57148698,207.3976543,144,656.9934351,"Sierra",NA,FALSE,FALSE,FALSE,FALSE,FALSE,FALSE,FALSE,FALSE,FALSE
"28","Calaveras",2020,"Central",13,2225,0.584269663,NA,44.26711668,16.57563163,324.6626408,148,847.8382172,"Sierra",NA,FALSE,FALSE,FALSE,FALSE,FALSE,FALSE,FALSE,FALSE,FALSE
"29","Calaveras",2021,"Central",5,602,0.830564784,NA,44.6557377,NA,NA,NA,NA,"Sierra",NA,FALSE,FALSE,FALSE,FALSE,FALSE,FALSE,FALSE,FALSE,FALSE
"30","Colusa",2012,"NorCal",0,15,0,NA,18.44550173,4.169463668,492.0328769,130.34375,626.3584642,"SacramentoValley",NA,FALSE,FALSE,FALSE,FALSE,FALSE,FALSE,FALSE,FALSE,FALSE
"31","Colusa",2013,"NorCal",0,14,0,NA,18.41176471,4.177961938,314.2370634,134.71875,802.0080891,"SacramentoValley",NA,FALSE,FALSE,FALSE,FALSE,FALSE,FALSE,FALSE,FALSE,FALSE
"32","Colusa",2014,"NorCal",0,5,0,NA,18.38235294,4.185397924,491.8532778,138.21875,680.1289591,"SacramentoValley",NA,FALSE,FALSE,FALSE,FALSE,FALSE,FALSE,FALSE,FALSE,FALSE
"33","Colusa",2015,"NorCal",0,6,0,NA,18.3183391,4.191240484,464.3444798,135.25,325.7465966,"SacramentoValley",NA,FALSE,FALSE,FALSE,FALSE,FALSE,FALSE,FALSE,FALSE,FALSE
"34","Colusa",2017,"NorCal",0,8,0,NA,18.59515571,4.216735294,457.8245463,144.15625,461.6409847,"SacramentoValley",NA,FALSE,FALSE,FALSE,FALSE,FALSE,FALSE,FALSE,FALSE,FALSE
"35","Colusa",2018,"NorCal",0,9,0,NA,18.66695502,4.243823529,296.614438,134.65625,770.2748063,"SacramentoValley",NA,FALSE,FALSE,FALSE,FALSE,TRUE,FALSE,FALSE,FALSE,TRUE
"36","Colusa",2019,"NorCal",0,11,0,NA,18.52768166,4.251259516,279.8584647,131.71875,502.8189325,"SacramentoValley",NA,FALSE,FALSE,FALSE,FALSE,FALSE,FALSE,FALSE,FALSE,TRUE
"37","Colusa",2020,"NorCal",1,11,9.090909091,NA,18.63927336,4.27250519,444.3418282,132.375,705.5314312,"SacramentoValley",NA,FALSE,FALSE,FALSE,FALSE,FALSE,FALSE,FALSE,FALSE,TRUE
"38","Colusa",2021,"NorCal",0,2,0,NA,18.64878893,NA,NA,NA,NA,"SacramentoValley",NA,FALSE,FALSE,FALSE,FALSE,FALSE,FALSE,FALSE,FALSE,FALSE
"39","ContraCosta",2012,"Central",51,14464,0.352599558,79.1,1488.044693,344.1847318,312.260516,135.964539,459.5409077,"BayDelta",411,TRUE,FALSE,FALSE,TRUE,TRUE,TRUE,TRUE,FALSE,TRUE
"40","ContraCosta",2013,"Central",62,14475,0.428324698,80.361,1504.955307,344.2147458,225.916835,141.0070922,635.295818,"BayDelta",432,TRUE,FALSE,FALSE,TRUE,TRUE,TRUE,TRUE,FALSE,TRUE
"41","ContraCosta",2014,"Central",35,15895,0.22019503,83.104,1527.096369,346.5901369,312.4623921,156.8510638,578.235983,"BayDelta",454,TRUE,FALSE,FALSE,TRUE,FALSE,TRUE,TRUE,FALSE,TRUE
"42","ContraCosta",2015,"Central",60,17908,0.33504579,91.045,1548.709497,348.8411844,297.022375,143.5106383,326.6796518,"BayDelta",528,TRUE,FALSE,FALSE,TRUE,TRUE,TRUE,TRUE,FALSE,TRUE
"43","ContraCosta",2016,"Central",49,18845,0.260015919,95.339,1570.398045,350.5485503,302.6077238,145.1276596,385.9924246,"BayDelta",515,TRUE,FALSE,FALSE,TRUE,TRUE,TRUE,TRUE,FALSE,TRUE
"44","ContraCosta",2017,"Central",77,19370,0.397521941,101.618,1588.363128,352.2902179,306.3395986,154.7943262,479.6303157,"BayDelta",395,TRUE,FALSE,FALSE,TRUE,TRUE,TRUE,TRUE,FALSE,TRUE
"45","ContraCosta",2018,"Central",68,18657,0.36447446,107.135,1599.909218,355.0695112,208.956982,152.0851064,668.5516257,"BayDelta",458,TRUE,FALSE,FALSE,TRUE,TRUE,TRUE,TRUE,FALSE,TRUE
"46","ContraCosta",2020,"Central",89,34663,0.256757926,NA,1611.069832,359.0493631,284.2424943,153.5319149,582.4254882,"BayDelta",48,TRUE,FALSE,FALSE,TRUE,TRUE,TRUE,TRUE,FALSE,TRUE
"47","ContraCosta",2021,"Central",31,9730,0.318602261,NA,1609.403631,NA,NA,NA,NA,"BayDelta",NA,TRUE,FALSE,FALSE,TRUE,TRUE,TRUE,TRUE,FALSE,TRUE
"48","Fresno",2012,"SoCal",38,8092,0.469599605,43.925,156.2811512,32.4925613,675.2203607,119.7582865,256.6572659,"SanJoaquinValley",2615,TRUE,FALSE,FALSE,TRUE,TRUE,TRUE,TRUE,TRUE,TRUE
"49","Fresno",2013,"SoCal",83,9150,0.907103825,43.423,157.2192647,32.52851672,495.4041569,114.3946344,345.0641105,"SanJoaquinValley",2786,TRUE,FALSE,FALSE,TRUE,TRUE,TRUE,TRUE,TRUE,TRUE
"50","Fresno",2014,"SoCal",52,9912,0.524616626,46.949,158.2954583,32.76804924,662.6727662,124.3595846,387.5845873,"SanJoaquinValley",3415,TRUE,FALSE,TRUE,TRUE,TRUE,TRUE,TRUE,TRUE,TRUE
"51","Fresno",2015,"SoCal",82,9708,0.844664194,48.715,159.8015305,33.11146432,665.1209513,122.9627001,164.9566868,"SanJoaquinValley",3410,TRUE,FALSE,TRUE,TRUE,TRUE,TRUE,TRUE,TRUE,TRUE
"52","Fresno",2016,"SoCal",54,9830,0.549338759,51.8,161.285643,33.30114956,634.281203,127.4745997,235.9914837,"SanJoaquinValley",3462,TRUE,FALSE,TRUE,TRUE,TRUE,TRUE,TRUE,TRUE,TRUE
"53","Fresno",2017,"SoCal",59,8898,0.663070353,52.629,162.5070704,33.48470604,669.8164934,123.98373,257.4846844,"SanJoaquinValley",3538,TRUE,FALSE,TRUE,TRUE,TRUE,TRUE,TRUE,TRUE,TRUE
"54","Fresno",2018,"SoCal",47,8531,0.550931895,57.518,163.9058393,33.80605756,487.4303342,119.4767633,501.7798374,"SanJoaquinValley",4510,TRUE,FALSE,TRUE,TRUE,TRUE,TRUE,TRUE,TRUE,TRUE
"55","Fresno",2019,"SoCal",47,9484,0.495571489,NA,165.0224588,34.09727599,486.0167659,124.9267849,299.2757913,"SanJoaquinValley",4027,TRUE,FALSE,TRUE,TRUE,TRUE,TRUE,TRUE,TRUE,TRUE
"56","Fresno",2020,"SoCal",54,11749,0.459613584,NA,166.2121111,34.37000599,666.4894939,122.2761575,285.4149,"SanJoaquinValley",1214,TRUE,FALSE,TRUE,TRUE,TRUE,TRUE,TRUE,TRUE,TRUE
"57","Fresno",2021,"SoCal",12,3422,0.350672122,NA,166.5143903,NA,NA,NA,NA,"SanJoaquinValley",NA,FALSE,FALSE,TRUE,TRUE,TRUE,TRUE,TRUE,TRUE,TRUE
"58","Glenn",2012,"NorCal",1,1647,0.060716454,NA,21.20497362,4.980479277,548.1636564,125.1071429,628.0608692,"SacramentoValley",NA,FALSE,FALSE,FALSE,FALSE,FALSE,FALSE,FALSE,FALSE,FALSE
"59","Glenn",2013,"NorCal",0,499,0,NA,20.98794273,4.988345139,344.574723,130.8928571,838.4417991,"SacramentoValley",NA,FALSE,FALSE,FALSE,FALSE,FALSE,FALSE,FALSE,FALSE,FALSE
"60","Glenn",2014,"NorCal",0,38,0,NA,20.95629239,5.008703843,554.0584895,128.4642857,658.2482298,"SacramentoValley",1,FALSE,FALSE,FALSE,FALSE,FALSE,FALSE,FALSE,FALSE,FALSE
"61","Glenn",2015,"NorCal",1,506,0.197628458,NA,20.97287114,5.028599849,535.5035844,128.5714286,292.5956055,"SacramentoValley",NA,FALSE,FALSE,FALSE,FALSE,FALSE,FALSE,FALSE,FALSE,FALSE
"62","Glenn",2016,"NorCal",2,1233,0.162206002,NA,20.91409194,5.040167295,524.3354365,138.9285714,471.6020203,"SacramentoValley",NA,FALSE,FALSE,FALSE,FALSE,TRUE,FALSE,FALSE,FALSE,TRUE
"63","Glenn",2017,"NorCal",4,1012,0.395256917,NA,20.97965335,5.045719668,524.9743744,135.0357143,508.2665633,"SacramentoValley",NA,FALSE,FALSE,FALSE,FALSE,FALSE,FALSE,FALSE,FALSE,FALSE
"64","Glenn",2018,"NorCal",2,1319,0.151630023,NA,21.04446119,5.072093444,326.2992968,129.1785714,798.7569667,"SacramentoValley",NA,FALSE,FALSE,FALSE,FALSE,FALSE,FALSE,FALSE,FALSE,FALSE
"65","Glenn",2019,"NorCal",10,1002,0.998003992,NA,21.07535795,5.07718312,305.8846009,128.5357143,484.9720663,"SacramentoValley",NA,FALSE,FALSE,FALSE,FALSE,FALSE,FALSE,FALSE,FALSE,FALSE
"66","Glenn",2020,"NorCal",6,1358,0.441826215,NA,21.39638282,5.093377543,506.8850306,127.9285714,684.9371522,"SacramentoValley",NA,FALSE,FALSE,FALSE,FALSE,FALSE,FALSE,FALSE,FALSE,FALSE
"67","Glenn",2021,"NorCal",1,390,0.256410256,NA,21.31348907,NA,NA,NA,NA,"SacramentoValley",NA,FALSE,FALSE,FALSE,FALSE,FALSE,FALSE,FALSE,FALSE,FALSE
"68","Imperial",2012,"SoCal",0,9,0,43.31,39.2204373,7.711439982,1079.275532,109.7012987,142.1993516,"ColoradoDesert",NA,FALSE,FALSE,FALSE,FALSE,FALSE,FALSE,FALSE,FALSE,FALSE
"69","Imperial",2013,"SoCal",8,316,2.53164557,39.29,39.39647479,7.687603302,1039.396825,109.1753247,145.5038475,"ColoradoDesert",NA,FALSE,FALSE,FALSE,FALSE,FALSE,FALSE,FALSE,FALSE,FALSE
"70","Imperial",2014,"SoCal",7,618,1.132686084,40.852,39.36590808,7.738975457,1140.796265,109.3376623,49.05240817,"ColoradoDesert",NA,FALSE,FALSE,FALSE,FALSE,FALSE,FALSE,FALSE,FALSE,FALSE
"71","Imperial",2015,"SoCal",10,602,1.661129568,49.095,39.70861223,7.803498884,1118.36887,106.6038961,52.71234085,"ColoradoDesert",3,FALSE,FALSE,FALSE,FALSE,FALSE,FALSE,FALSE,FALSE,FALSE
"72","Imperial",2016,"SoCal",4,596,0.67114094,47.211,39.92347166,7.839938867,1060.445736,108.1428571,98.16247892,"ColoradoDesert",147,FALSE,FALSE,FALSE,FALSE,FALSE,FALSE,FALSE,FALSE,FALSE
"73","Imperial",2017,"SoCal",4,741,0.539811066,48.984,40.2005801,7.861446676,1089.158791,103.8376623,31.74076489,"ColoradoDesert",53,FALSE,FALSE,TRUE,FALSE,FALSE,FALSE,FALSE,FALSE,FALSE
"74","Imperial",2018,"SoCal",4,577,0.693240901,48.472,40.52855868,7.910215975,926.5944646,107.8246753,175.5261739,"ColoradoDesert",25,FALSE,FALSE,TRUE,TRUE,FALSE,FALSE,FALSE,TRUE,TRUE
"75","Imperial",2019,"SoCal",1,325,0.307692308,NA,40.50044623,7.93090183,977.3320296,113.8636364,63.73239594,"ColoradoDesert",73,FALSE,FALSE,TRUE,FALSE,FALSE,FALSE,FALSE,TRUE,TRUE
"76","Imperial",2020,"SoCal",0,147,0,NA,40.43172691,7.984602856,1123.123602,102.6623377,74.23700328,"ColoradoDesert",NA,FALSE,FALSE,TRUE,TRUE,FALSE,FALSE,FALSE,TRUE,TRUE
"77","Imperial",2021,"SoCal",0,25,0,NA,40.22021419,NA,NA,NA,NA,"ColoradoDesert",NA,FALSE,FALSE,TRUE,TRUE,FALSE,FALSE,FALSE,TRUE,TRUE
"78","Inyo",2012,"SoCal",1,47,2.127659574,NA,1.798376846,0.567771389,192.0804846,171.3802817,491.6571246,"Sierra",132,FALSE,FALSE,FALSE,FALSE,FALSE,FALSE,FALSE,FALSE,FALSE
"79","Inyo",2013,"SoCal",1,23,4.347826087,NA,1.79436785,0.567291092,146.4093235,174.3943662,665.9173224,"Sierra",161,FALSE,FALSE,FALSE,FALSE,FALSE,TRUE,TRUE,FALSE,TRUE
"80","Inyo",2014,"SoCal",1,36,2.777777778,NA,1.794954532,0.56903217,226.2086493,175.7464789,589.7433371,"Sierra",144,FALSE,FALSE,FALSE,TRUE,TRUE,TRUE,TRUE,FALSE,TRUE
"81","Inyo",2015,"SoCal",0,35,0,NA,1.788598807,0.570232913,224.3339991,175.2253521,286.3537486,"Sierra",148,FALSE,FALSE,FALSE,FALSE,TRUE,TRUE,TRUE,FALSE,TRUE
"82","Inyo",2016,"SoCal",0,36,0,NA,1.770607216,0.570473062,141.4234646,173.4366197,380.8433234,"Sierra",140,FALSE,FALSE,FALSE,FALSE,TRUE,TRUE,TRUE,FALSE,TRUE
"83","Inyo",2017,"SoCal",0,45,0,NA,1.752420065,0.57113347,132.5326566,175,297.5149473,"Sierra",100,FALSE,FALSE,FALSE,FALSE,TRUE,TRUE,TRUE,FALSE,TRUE
"84","Inyo",2019,"SoCal",0,54,0,NA,1.754766794,0.572754473,98.24899068,174.1408451,218.0811502,"Sierra",42,FALSE,FALSE,FALSE,FALSE,TRUE,TRUE,TRUE,FALSE,TRUE
"85","Inyo",2020,"SoCal",0,37,0,NA,1.76386037,0.574675662,161.6168386,169.8309859,228.0107017,"Sierra",6,FALSE,FALSE,FALSE,FALSE,TRUE,TRUE,TRUE,FALSE,TRUE
"86","Inyo",2021,"SoCal",0,7,0,NA,1.764544832,NA,NA,NA,NA,"Sierra",NA,FALSE,FALSE,FALSE,FALSE,TRUE,TRUE,FALSE,FALSE,TRUE
"87","Kern",2012,"SoCal",8,1625,0.492307692,46.879,103.8797011,21.5853005,582.1987103,121.5658307,157.9472345,"SanJoaquinValley",3022,TRUE,FALSE,FALSE,FALSE,TRUE,TRUE,TRUE,TRUE,TRUE
"88","Kern",2013,"SoCal",11,1449,0.759144237,47.644,104.5701335,21.50218523,408.0845494,121.3636364,231.4441127,"SanJoaquinValley",3062,TRUE,FALSE,FALSE,FALSE,TRUE,TRUE,TRUE,TRUE,TRUE
"89","Kern",2014,"SoCal",8,1521,0.525969757,51.342,105.5984319,21.69143232,593.9626736,126.1206897,183.5115742,"SanJoaquinValley",3029,TRUE,FALSE,FALSE,FALSE,TRUE,TRUE,TRUE,TRUE,TRUE
"90","Kern",2015,"SoCal",9,1537,0.585556278,49.903,106.4775205,21.92355335,622.8710892,123.3777429,96.01193978,"SanJoaquinValley",2971,TRUE,FALSE,FALSE,FALSE,TRUE,TRUE,TRUE,TRUE,TRUE
"91","Kern",2016,"SoCal",9,1838,0.489662677,49.854,107.3172853,22.08301433,559.5483266,126,144.6791076,"SanJoaquinValley",3077,TRUE,FALSE,FALSE,FALSE,TRUE,TRUE,TRUE,TRUE,TRUE
"92","Kern",2017,"SoCal",9,1866,0.482315113,51.579,107.908367,22.20719833,604.9489872,123.4090909,153.9404888,"SanJoaquinValley",2835,TRUE,FALSE,FALSE,FALSE,TRUE,TRUE,TRUE,TRUE,TRUE
"93","Kern",2018,"SoCal",21,1907,1.101206083,53.067,108.7046429,22.40524587,409.7070451,121.8244514,396.8588627,"SanJoaquinValley",3204,TRUE,FALSE,TRUE,FALSE,TRUE,TRUE,TRUE,TRUE,TRUE
"94","Kern",2019,"SoCal",13,3230,0.40247678,NA,109.4889134,22.59705035,415.6441695,127.3714734,173.8278177,"SanJoaquinValley",2965,TRUE,FALSE,TRUE,FALSE,TRUE,TRUE,TRUE,TRUE,TRUE
"95","Kern",2020,"SoCal",16,5198,0.307810696,NA,110.278329,22.78539483,570.4887732,122.8965517,148.4845728,"SanJoaquinValley",908,TRUE,FALSE,TRUE,FALSE,TRUE,TRUE,TRUE,TRUE,TRUE
"96","Kern",2021,"SoCal",3,1514,0.198150594,NA,110.4204337,NA,NA,NA,NA,"SanJoaquinValley",NA,TRUE,FALSE,TRUE,FALSE,TRUE,TRUE,TRUE,TRUE,TRUE
"97","Kings",2012,"SoCal",2,701,0.285306705,45.774,109.1005747,19.48523707,647.6748787,121.0114943,202.3485045,"SanJoaquinValley",527,TRUE,FALSE,FALSE,TRUE,TRUE,TRUE,TRUE,FALSE,TRUE
"98","Kings",2013,"SoCal",4,923,0.433369447,42.784,108.470546,19.49317672,459.7968963,114.091954,240.2916338,"SanJoaquinValley",629,TRUE,FALSE,FALSE,TRUE,TRUE,TRUE,TRUE,FALSE,TRUE
"99","Kings",2014,"SoCal",2,853,0.234466589,45.746,108.0007184,19.63829598,639.9334548,124.0229885,281.5758507,"SanJoaquinValley",426,TRUE,FALSE,FALSE,TRUE,TRUE,TRUE,TRUE,FALSE,TRUE
"100","Kings",2015,"SoCal",2,769,0.260078023,53.234,107.3958333,19.79267816,632.0135354,123.0114943,93.09651326,"SanJoaquinValley",676,TRUE,FALSE,FALSE,TRUE,FALSE,TRUE,TRUE,FALSE,TRUE
"101","Kings",2016,"SoCal",3,815,0.36809816,57.555,107.8196839,19.95985201,579.5746571,126.9885057,137.1301685,"SanJoaquinValley",748,TRUE,FALSE,FALSE,TRUE,TRUE,TRUE,TRUE,FALSE,TRUE
"102","Kings",2017,"SoCal",3,766,0.391644909,61.663,107.3146552,20.18569109,640.3647076,124.9885057,128.2387784,"SanJoaquinValley",704,TRUE,FALSE,FALSE,FALSE,TRUE,TRUE,TRUE,FALSE,TRUE
"103","Kings",2018,"SoCal",2,734,0.272479564,58.453,107.5179598,20.46622557,458.4010611,120.0229885,344.9632891,"SanJoaquinValley",684,TRUE,FALSE,TRUE,TRUE,TRUE,TRUE,TRUE,FALSE,TRUE
"104","Kings",2019,"SoCal",1,589,0.169779287,NA,108.7514368,20.57649856,456.7167563,126,188.8056322,"SanJoaquinValley",846,TRUE,FALSE,TRUE,FALSE,TRUE,FALSE,TRUE,FALSE,TRUE
"105","Kings",2020,"SoCal",6,648,0.925925926,NA,109.8706897,20.71279598,603.5351432,125,146.7935853,"SanJoaquinValley",59,FALSE,FALSE,TRUE,FALSE,TRUE,FALSE,TRUE,FALSE,TRUE
"106","Kings",2021,"SoCal",2,149,1.342281879,NA,109.6925287,NA,NA,NA,NA,"SanJoaquinValley",NA,FALSE,FALSE,TRUE,FALSE,TRUE,FALSE,TRUE,FALSE,TRUE
"107","Lake",2012,"NorCal",53,1592,3.329145729,37.079,48.34537246,16.35300527,255.7023689,151.8523316,908.2149881,"Klamath",756,TRUE,FALSE,FALSE,TRUE,TRUE,TRUE,FALSE,FALSE,TRUE
"108","Lake",2013,"NorCal",48,1948,2.464065708,34.529,48.12189616,16.29571708,160.3253464,148.5362694,1222.326718,"Klamath",896,TRUE,FALSE,FALSE,TRUE,TRUE,TRUE,FALSE,FALSE,TRUE
"109","Lake",2014,"NorCal",42,1865,2.252010724,37.294,48.00300978,16.36686531,281.1996396,160.0803109,1002.412161,"Klamath",704,TRUE,FALSE,FALSE,TRUE,TRUE,TRUE,FALSE,FALSE,TRUE
"110","Lake",2015,"NorCal",44,2299,1.913875598,42.029,48.18961625,16.47451166,243.3551603,154.0777202,553.3407163,"Klamath",792,TRUE,FALSE,FALSE,TRUE,TRUE,TRUE,FALSE,FALSE,TRUE
"111","Lake",2016,"NorCal",82,2201,3.725579282,48.93,48.35214447,16.49206772,264.180561,166.8601036,695.4659016,"Klamath",712,TRUE,FALSE,FALSE,TRUE,TRUE,TRUE,FALSE,FALSE,TRUE
"112","Lake",2017,"NorCal",89,2423,3.67313248,48.554,48.08352144,16.47682167,252.5978226,176.4067358,708.5926285,"Klamath",522,TRUE,FALSE,FALSE,TRUE,TRUE,TRUE,FALSE,FALSE,TRUE
"113","Lake",2018,"NorCal",67,2526,2.652414885,47.138,48.2400301,16.60572009,173.0028864,158.6943005,1227.736239,"Klamath",610,TRUE,FALSE,FALSE,TRUE,TRUE,TRUE,FALSE,FALSE,TRUE
"114","Lake",2019,"NorCal",67,2576,2.600931677,NA,48.39503386,16.0550143,158.0616187,152.9948187,740.0708056,"Klamath",539,TRUE,FALSE,FALSE,TRUE,TRUE,TRUE,FALSE,FALSE,TRUE
"115","Lake",2020,"NorCal",120,3131,3.832641329,NA,48.4469526,15.96954402,249.3810603,154.1088083,1177.259373,"Klamath",78,TRUE,FALSE,FALSE,TRUE,TRUE,TRUE,FALSE,FALSE,TRUE
"116","Lake",2021,"NorCal",33,926,3.563714903,NA,48.51693002,NA,NA,NA,NA,"Klamath",NA,TRUE,FALSE,FALSE,TRUE,TRUE,TRUE,FALSE,FALSE,TRUE
"117","LosAngeles",2012,"SoCal",168,52983,0.317082838,54.529,2077.946981,445.6104031,416.7284654,137.9916963,497.8195907,"SouthCoast",3568,TRUE,FALSE,FALSE,FALSE,TRUE,TRUE,TRUE,TRUE,TRUE
"118","LosAngeles",2013,"SoCal",169,52322,0.322999885,55.746,2090.337681,444.9845184,288.8890955,137.5516014,698.9523855,"SouthCoast",3772,TRUE,FALSE,FALSE,FALSE,TRUE,TRUE,TRUE,TRUE,TRUE
"119","LosAngeles",2014,"SoCal",253,57127,0.442872897,59.134,2102.35304,447.282271,426.689426,148.460261,325.7905616,"SouthCoast",3468,TRUE,FALSE,FALSE,FALSE,TRUE,TRUE,TRUE,TRUE,TRUE
"120","LosAngeles",2015,"SoCal",236,64246,0.367338044,61.338,2112.365243,449.8981978,383.5195421,140.6093318,173.15017,"SouthCoast",3588,TRUE,TRUE,TRUE,FALSE,TRUE,TRUE,TRUE,TRUE,TRUE
"121","LosAngeles",2016,"SoCal",269,69123,0.38916135,65.006,2121.905323,452.6971748,414.919482,133.9541321,490.6242994,"SouthCoast",3626,TRUE,TRUE,TRUE,TRUE,TRUE,TRUE,TRUE,TRUE,TRUE
"122","LosAngeles",2017,"SoCal",330,76160,0.433298319,68.093,2126.174627,454.823891,340.7395137,142.747331,293.0149867,"SouthCoast",5304,TRUE,TRUE,TRUE,TRUE,TRUE,TRUE,TRUE,TRUE,TRUE
"123","LosAngeles",2018,"SoCal",350,80028,0.437346929,72.797,2125.754471,457.6689859,255.1299503,152.1759589,738.841277,"SouthCoast",6368,TRUE,TRUE,TRUE,TRUE,FALSE,TRUE,TRUE,TRUE,TRUE
"124","LosAngeles",2019,"SoCal",227,102535,0.221387819,NA,2119.483695,460.0597492,241.6438078,131.7892448,347.7823589,"SouthCoast",6181,TRUE,TRUE,TRUE,FALSE,TRUE,TRUE,TRUE,TRUE,TRUE
"125","LosAngeles",2020,"SoCal",228,139894,0.162980542,NA,2112.162213,462.3954812,370.2923986,141.8149466,265.6908218,"SouthCoast",2733,TRUE,TRUE,TRUE,FALSE,TRUE,TRUE,TRUE,TRUE,TRUE
"126","LosAngeles",2021,"SoCal",69,38652,0.178515989,NA,2091.95161,NA,NA,NA,NA,"SouthCoast",NA,TRUE,TRUE,TRUE,TRUE,TRUE,TRUE,TRUE,TRUE,TRUE
"127","Madera",2012,"Central",17,277,6.137184116,39.758,70.4482118,14.01077845,620.0093407,121.0707443,254.383365,"SanJoaquinValley",382,TRUE,FALSE,FALSE,TRUE,TRUE,TRUE,FALSE,TRUE,TRUE
"128","Madera",2013,"Central",12,318,3.773584906,42.433,70.37947051,14.0943372,449.7479944,118.4465733,321.3533359,"SanJoaquinValley",484,TRUE,FALSE,FALSE,TRUE,TRUE,FALSE,TRUE,TRUE,TRUE
"129","Madera",2014,"Central",10,460,2.173913043,47.15,70.306549,14.13540362,615.0545508,126.2837141,346.983931,"SanJoaquinValley",645,FALSE,FALSE,TRUE,TRUE,TRUE,TRUE,TRUE,TRUE,TRUE
"130","Madera",2015,"Central",28,739,3.788903924,51.657,71.27542963,14.22865862,611.4743466,124.651437,156.2151151,"SanJoaquinValley",657,FALSE,FALSE,TRUE,TRUE,TRUE,TRUE,TRUE,TRUE,TRUE
"131","Madera",2016,"Central",11,708,1.553672316,51.283,71.33116582,14.28797678,605.0228453,130.0766396,230.5850368,"SanJoaquinValley",641,FALSE,FALSE,TRUE,TRUE,TRUE,FALSE,TRUE,TRUE,TRUE
"132","Madera",2017,"Central",21,741,2.834008097,56.305,71.50766373,14.31763586,623.6838499,125.9410464,260.466077,"SanJoaquinValley",380,TRUE,FALSE,TRUE,TRUE,TRUE,FALSE,TRUE,TRUE,TRUE
"133","Madera",2018,"Central",15,639,2.34741784,64.827,72.18903855,14.42515002,443.1347365,122.440678,472.9153062,"SanJoaquinValley",354,TRUE,FALSE,TRUE,FALSE,TRUE,TRUE,FALSE,TRUE,TRUE
"134","Madera",2019,"Central",13,672,1.93452381,NA,72.86669763,14.53608639,455.7936024,127.193073,304.2522059,"SanJoaquinValley",372,FALSE,FALSE,TRUE,FALSE,TRUE,FALSE,FALSE,TRUE,TRUE
"135","Madera",2020,"Central",14,658,2.127659574,NA,73.07338597,14.66983744,615.6283078,124.7627119,300.164141,"SanJoaquinValley",NA,FALSE,FALSE,TRUE,FALSE,TRUE,FALSE,FALSE,TRUE,TRUE
"136","Madera",2021,"Central",3,129,2.325581395,NA,73.27496516,NA,NA,NA,NA,"SanJoaquinValley",NA,FALSE,FALSE,TRUE,FALSE,TRUE,TRUE,FALSE,TRUE,TRUE
"137","Marin",2012,"Central",30,9146,0.328012246,96.58,308.4251208,82.71054589,199.5641553,151.2916667,748.6142158,"BayDelta",209,TRUE,FALSE,FALSE,FALSE,TRUE,TRUE,TRUE,FALSE,TRUE
"138","Marin",2013,"Central",29,11326,0.256048031,95.749,309.2524155,82.37314251,125.3106869,156.4583333,1004.058145,"BayDelta",273,TRUE,FALSE,FALSE,FALSE,TRUE,TRUE,TRUE,FALSE,TRUE
"139","Marin",2014,"Central",40,12131,0.32973374,100.662,312.0881643,82.73130918,187.3703573,175.9166667,915.9050361,"BayDelta",179,TRUE,FALSE,FALSE,FALSE,TRUE,TRUE,TRUE,FALSE,TRUE
"140","Marin",2015,"Central",49,12721,0.385189844,103.845,314.4432367,83.28153623,168.0506429,159.6666667,468.9764933,"BayDelta",215,TRUE,FALSE,FALSE,FALSE,TRUE,TRUE,TRUE,FALSE,TRUE
"141","Marin",2016,"Central",35,11053,0.316656111,113.908,315.115942,83.55220048,199.4228719,157.875,575.9200425,"BayDelta",199,TRUE,FALSE,FALSE,FALSE,TRUE,TRUE,TRUE,FALSE,TRUE
"142","Marin",2017,"Central",44,11553,0.380853458,126.373,314.6884058,83.70940821,163.2549329,171.7083333,644.8137614,"BayDelta",198,TRUE,FALSE,FALSE,FALSE,TRUE,TRUE,TRUE,FALSE,TRUE
"143","Marin",2018,"Central",28,12096,0.231481481,110.843,313.7065217,83.88960386,122.5590496,164.5416667,985.8390474,"BayDelta",200,TRUE,FALSE,FALSE,FALSE,TRUE,TRUE,TRUE,FALSE,TRUE
"144","Marin",2019,"Central",29,12491,0.23216716,NA,313.6014493,83.92445652,101.6332793,153.125,588.8315293,"BayDelta",20,TRUE,FALSE,FALSE,FALSE,TRUE,TRUE,TRUE,FALSE,TRUE
"145","Marin",2020,"Central",31,14099,0.21987375,NA,312.5917874,84.05051932,179.6136474,169,833.1386716,"BayDelta",11,TRUE,FALSE,FALSE,FALSE,TRUE,TRUE,TRUE,FALSE,TRUE
"146","Marin",2021,"Central",11,3619,0.303951368,NA,310.7874396,NA,NA,NA,NA,"BayDelta",NA,FALSE,FALSE,FALSE,FALSE,FALSE,TRUE,FALSE,FALSE,FALSE
"147","Merced",2012,"Central",6,1306,0.45941807,40.687,131.0242547,25.93226983,550.7614063,123.236938,292.5208584,"SanJoaquinValley",58,TRUE,FALSE,FALSE,FALSE,FALSE,FALSE,FALSE,FALSE,TRUE
"148","Merced",2014,"Central",13,1094,1.188299817,41.997,132.403234,26.01262658,566.0048016,131.9659781,339.3194742,"SanJoaquinValley",98,FALSE,FALSE,FALSE,TRUE,TRUE,TRUE,FALSE,FALSE,TRUE
"149","Merced",2015,"Central",11,1322,0.832072617,47.739,133.6124305,26.11749368,559.5935582,128.3475091,182.6177404,"SanJoaquinValley",130,TRUE,FALSE,FALSE,TRUE,TRUE,TRUE,FALSE,FALSE,TRUE
"150","Merced",2016,"Central",6,1559,0.384862091,47.735,134.5896918,26.1665144,583.7806819,132.9526124,254.029805,"SanJoaquinValley",272,FALSE,FALSE,FALSE,TRUE,TRUE,TRUE,TRUE,FALSE,TRUE
"151","Merced",2017,"Central",4,1399,0.285918513,57.745,135.2339565,26.19567863,578.8838181,128.7290401,287.2673973,"SanJoaquinValley",575,FALSE,FALSE,FALSE,TRUE,TRUE,TRUE,TRUE,FALSE,TRUE
"152","Merced",2018,"Central",7,1607,0.435594275,61.167,136.9863567,26.45474381,400.907975,127.3171324,463.0443059,"SanJoaquinValley",750,FALSE,FALSE,TRUE,TRUE,TRUE,TRUE,TRUE,FALSE,TRUE
"153","Merced",2019,"Central",2,1923,0.10400416,NA,138.5300657,26.60956241,425.2928708,130.9319563,317.7162492,"SanJoaquinValley",667,FALSE,FALSE,TRUE,TRUE,TRUE,TRUE,TRUE,FALSE,TRUE
"154","Merced",2020,"Central",3,2048,0.146484375,NA,140.3132895,26.80192218,561.2490871,128.0425273,317.6772843,"SanJoaquinValley",216,TRUE,FALSE,TRUE,TRUE,TRUE,TRUE,TRUE,FALSE,TRUE
"155","Merced",2021,"Central",0,519,0,NA,141.1076301,NA,NA,NA,NA,"SanJoaquinValley",NA,FALSE,FALSE,TRUE,TRUE,TRUE,TRUE,TRUE,FALSE,TRUE
"156","Monterey",2012,"SoCal",19,4476,0.424486148,57.052,111.4972156,22.60141978,210.0567005,167.2,448.5108799,"CentralCoast",22,FALSE,FALSE,FALSE,FALSE,FALSE,FALSE,FALSE,FALSE,FALSE
"157","Monterey",2013,"SoCal",33,5234,0.630492931,57.864,112.6459825,22.61118907,194.8545889,154.2,569.4739029,"CentralCoast",NA,FALSE,FALSE,FALSE,FALSE,FALSE,TRUE,TRUE,FALSE,TRUE
"158","Monterey",2014,"SoCal",31,7140,0.434173669,60.494,113.156192,22.69504216,273.183862,168.4666667,579.2313561,"CentralCoast",NA,TRUE,FALSE,FALSE,FALSE,FALSE,TRUE,TRUE,TRUE,TRUE
"159","Monterey",2015,"SoCal",21,7473,0.281011642,63.876,113.6237072,22.81829806,184.9542487,162.8666667,243.0864043,"CentralCoast",101,FALSE,FALSE,FALSE,FALSE,FALSE,FALSE,FALSE,FALSE,FALSE
"160","Monterey",2016,"SoCal",28,7865,0.356007629,71.274,114.1744895,22.87495996,240.7656837,163.5333333,345.9368931,"CentralCoast",84,FALSE,FALSE,FALSE,FALSE,FALSE,FALSE,FALSE,FALSE,FALSE
"161","Monterey",2018,"SoCal",34,7033,0.483435234,77.514,115.2304429,23.06415858,207.0918811,160.0666667,609.7578172,"CentralCoast",71,TRUE,FALSE,FALSE,FALSE,FALSE,TRUE,TRUE,FALSE,TRUE
"162","Monterey",2019,"SoCal",24,9844,0.243803332,NA,115.0755768,23.18806577,220.2279705,151.6,472.4547687,"CentralCoast",102,TRUE,FALSE,FALSE,FALSE,FALSE,TRUE,TRUE,FALSE,TRUE
"163","Monterey",2020,"SoCal",23,12508,0.183882315,NA,115.1050119,23.31816017,257.1005843,179.6,503.8734565,"CentralCoast",23,TRUE,FALSE,FALSE,FALSE,FALSE,TRUE,TRUE,FALSE,TRUE
"164","Monterey",2021,"SoCal",6,2543,0.235941801,NA,114.2683638,NA,NA,NA,NA,"CentralCoast",NA,TRUE,FALSE,FALSE,FALSE,TRUE,TRUE,TRUE,FALSE,TRUE
"165","Napa",2013,"NorCal",19,5099,0.372622083,74.123,175.5868188,42.59556907,164.3560846,153.0740741,1034.101755,"BayDelta",10,TRUE,FALSE,FALSE,FALSE,TRUE,TRUE,TRUE,FALSE,TRUE
"166","Napa",2014,"NorCal",14,5495,0.25477707,75.513,176.9074778,42.75354373,252.4000732,166.0740741,847.8948539,"BayDelta",NA,FALSE,FALSE,FALSE,FALSE,TRUE,TRUE,FALSE,FALSE,TRUE
"167","Napa",2016,"NorCal",37,6156,0.601039636,86.562,178.5323194,43.17455006,258.6623894,152.9074074,559.3790059,"BayDelta",NA,TRUE,FALSE,FALSE,FALSE,TRUE,TRUE,FALSE,FALSE,TRUE
"168","Napa",2017,"NorCal",34,6469,0.525583552,87.025,178.504436,43.21735108,231.8013349,163.4814815,627.8295109,"BayDelta",60,TRUE,FALSE,FALSE,FALSE,TRUE,TRUE,TRUE,FALSE,TRUE
"169","Napa",2018,"NorCal",33,7221,0.457000415,92.769,177.2851711,43.46870976,162.0757217,160.962963,948.9704729,"BayDelta",73,TRUE,FALSE,FALSE,FALSE,TRUE,TRUE,TRUE,FALSE,TRUE
"170","Napa",2019,"NorCal",34,6453,0.526886719,NA,175.904943,43.16287706,140.3810255,147.3333333,621.567427,"BayDelta",62,TRUE,FALSE,FALSE,FALSE,TRUE,TRUE,TRUE,FALSE,TRUE
"171","Napa",2020,"NorCal",46,6838,0.672711319,NA,174.5804816,43.31384791,242.859624,156.3888889,865.4913623,"BayDelta",11,TRUE,FALSE,FALSE,FALSE,TRUE,TRUE,TRUE,FALSE,TRUE
"172","Napa",2021,"NorCal",8,1649,0.485142511,NA,172.3257288,NA,NA,NA,NA,"BayDelta",NA,TRUE,FALSE,FALSE,FALSE,TRUE,TRUE,TRUE,FALSE,TRUE
"173","Nevada",2012,"NorCal",48,2244,2.139037433,54.851,101.335729,33.34448665,144.0394793,168,1143.343288,"Sierra",NA,FALSE,FALSE,FALSE,FALSE,FALSE,FALSE,FALSE,FALSE,FALSE
"174","Nevada",2013,"NorCal",63,2170,2.903225806,56.917,100.7566735,33.17302053,57.27785969,173,2030.788665,"Sierra",NA,FALSE,FALSE,FALSE,FALSE,FALSE,FALSE,FALSE,FALSE,FALSE
"175","Nevada",2014,"NorCal",44,2340,1.88034188,54.177,100.5523614,33.27451335,208.3160772,175,1672.065531,"Sierra",NA,FALSE,FALSE,FALSE,FALSE,FALSE,FALSE,FALSE,FALSE,FALSE
"176","Nevada",2015,"NorCal",67,2403,2.78818144,59.022,101.2032854,33.463,179.4538193,179,1089.496437,"Sierra",NA,FALSE,FALSE,FALSE,FALSE,FALSE,FALSE,FALSE,FALSE,FALSE
"177","Nevada",2016,"NorCal",66,2807,2.351264695,65.385,101.3100616,33.66094251,168.6734354,173,1074.630483,"Sierra",NA,FALSE,FALSE,FALSE,FALSE,FALSE,FALSE,FALSE,FALSE,FALSE
"178","Nevada",2017,"NorCal",88,4694,1.874733703,66.299,101.5533881,33.74982752,164.7424021,181,1370.971387,"Sierra",NA,FALSE,FALSE,FALSE,FALSE,FALSE,FALSE,FALSE,FALSE,FALSE
"179","Nevada",2018,"NorCal",122,6095,2.001640689,68.818,102.0195072,33.95848665,75.52240992,182,2107.612538,"Sierra",NA,FALSE,FALSE,FALSE,FALSE,FALSE,FALSE,FALSE,FALSE,FALSE
"180","Nevada",2019,"NorCal",121,6596,1.834445118,NA,102.164271,34.20749076,75.18732071,176,1397.405722,"Sierra",NA,FALSE,FALSE,FALSE,FALSE,FALSE,FALSE,FALSE,FALSE,FALSE
"181","Nevada",2020,"NorCal",149,6527,2.282825188,NA,102.4178645,34.56113963,145.8567929,171,2069.767284,"Sierra",NA,FALSE,FALSE,FALSE,FALSE,FALSE,FALSE,FALSE,FALSE,FALSE
"182","Nevada",2021,"NorCal",47,1881,2.49867092,NA,102.2648871,NA,NA,NA,NA,"Sierra",NA,FALSE,FALSE,FALSE,FALSE,FALSE,FALSE,FALSE,FALSE,FALSE
"183","Orange",2012,"SoCal",80,46424,0.17232466,74.163,3216.530591,680.6507363,461.3741096,130.2776801,400.773941,"SouthCoast",1318,TRUE,FALSE,FALSE,FALSE,FALSE,TRUE,TRUE,TRUE,TRUE
"184","Orange",2013,"SoCal",129,36886,0.349726183,76.306,3246.907173,681.7051582,360.0569432,122.8927944,514.9337574,"SouthCoast",1858,TRUE,FALSE,FALSE,FALSE,FALSE,TRUE,TRUE,TRUE,TRUE
"185","Orange",2014,"SoCal",174,38353,0.453680286,78.428,3275.263713,686.5595148,434.8163237,124.6713533,242.6208008,"SouthCoast",2679,TRUE,FALSE,FALSE,FALSE,FALSE,TRUE,TRUE,TRUE,TRUE
"186","Orange",2015,"SoCal",119,40844,0.291352463,81.837,3298.03481,694.3627553,381.4526923,124.4112478,132.8384943,"SouthCoast",3128,TRUE,FALSE,FALSE,FALSE,FALSE,TRUE,TRUE,TRUE,TRUE
"187","Orange",2016,"SoCal",134,43108,0.310847175,86.217,3322.025316,700.1685527,433.868305,123.0193322,330.5486595,"SouthCoast",3355,TRUE,FALSE,TRUE,FALSE,FALSE,TRUE,TRUE,TRUE,TRUE
"188","Orange",2017,"SoCal",128,42439,0.301609369,89.759,3338.592827,706.0488333,378.0908751,126.7768014,198.2264542,"SouthCoast",3490,TRUE,TRUE,TRUE,TRUE,FALSE,TRUE,TRUE,TRUE,TRUE
"189","Orange",2018,"SoCal",162,42069,0.385081652,95.934,3348.406118,713.7996118,289.7085113,134.5518453,655.9652365,"SouthCoast",3707,FALSE,TRUE,TRUE,FALSE,FALSE,TRUE,TRUE,TRUE,TRUE
"190","Orange",2019,"SoCal",111,53154,0.208827181,NA,3350.182489,719.779635,326.9589371,125.2513181,249.6574609,"SouthCoast",2726,FALSE,TRUE,TRUE,TRUE,FALSE,TRUE,TRUE,TRUE,TRUE
"191","Orange",2020,"SoCal",114,70166,0.162471852,NA,3349.886076,724.2013418,402.8576573,130.3725835,251.1687801,"SouthCoast",907,TRUE,TRUE,TRUE,TRUE,FALSE,TRUE,TRUE,TRUE,TRUE
"192","Orange",2021,"SoCal",40,19687,0.203179763,NA,3340.566456,NA,NA,NA,NA,"SouthCoast",NA,TRUE,TRUE,TRUE,FALSE,FALSE,TRUE,TRUE,TRUE,TRUE
"193","Placer",2012,"NorCal",144,12905,1.115846571,73.328,237.2356858,63.10342077,434.6917362,136.4913071,523.8034204,"Sierra",978,TRUE,FALSE,FALSE,TRUE,TRUE,TRUE,FALSE,FALSE,TRUE
"194","Placer",2013,"NorCal",127,17210,0.737943056,75.39,239.855526,63.1095526,304.6529003,140.3142305,693.9625638,"Sierra",955,TRUE,FALSE,FALSE,TRUE,TRUE,TRUE,FALSE,FALSE,TRUE
"195","Placer",2014,"NorCal",176,17481,1.006807391,75.708,243.2743009,63.72150866,470.4549749,149.0244688,622.0608697,"Sierra",1029,TRUE,FALSE,FALSE,TRUE,TRUE,TRUE,FALSE,FALSE,TRUE
"196","Placer",2015,"NorCal",156,18945,0.823436263,85.426,245.8169108,64.37475233,444.7070149,143.1184804,443.5042468,"Sierra",1219,TRUE,FALSE,FALSE,TRUE,TRUE,TRUE,FALSE,FALSE,TRUE
"197","Placer",2016,"NorCal",138,19493,0.707946442,80.728,248.2296937,65.17066312,418.6065431,147.1899549,438.6315822,"Sierra",1096,TRUE,FALSE,FALSE,TRUE,TRUE,TRUE,FALSE,FALSE,TRUE
"198","Placer",2017,"NorCal",165,21125,0.781065089,88.592,252.292277,65.9874221,411.9492106,147.86349,566.2426136,"Sierra",1162,TRUE,FALSE,FALSE,TRUE,TRUE,TRUE,FALSE,FALSE,TRUE
"199","Placer",2018,"NorCal",215,24721,0.869705918,97.723,256.4014647,67.01143675,276.0582717,149.909208,821.7200723,"Sierra",1410,TRUE,FALSE,FALSE,TRUE,TRUE,TRUE,FALSE,FALSE,TRUE
"200","Placer",2019,"NorCal",187,29203,0.64034517,NA,261.2050599,68.31751531,250.1801681,140.1184804,588.0007865,"Sierra",1194,TRUE,FALSE,FALSE,TRUE,TRUE,TRUE,FALSE,FALSE,TRUE
"201","Placer",2020,"NorCal",233,33040,0.705205811,NA,265.1990679,69.06150999,382.7495359,136.075982,810.34649,"Sierra",424,TRUE,FALSE,TRUE,TRUE,TRUE,TRUE,FALSE,FALSE,TRUE
"202","Placer",2021,"NorCal",32,9682,0.330510225,NA,268.2756325,NA,NA,NA,NA,"Sierra",NA,TRUE,FALSE,FALSE,TRUE,TRUE,TRUE,FALSE,FALSE,TRUE
"203","Riverside",2012,"SoCal",58,11724,0.494711702,54.095,305.9112693,67.86587485,732.1171246,121.3910412,237.0837383,"SouthCoast",2392,FALSE,FALSE,FALSE,TRUE,FALSE,TRUE,TRUE,TRUE,TRUE
"204","Riverside",2013,"SoCal",44,12233,0.359682825,57.006,309.6267287,67.68460906,660.3626296,118.3950767,320.8083961,"SouthCoast",2805,FALSE,FALSE,FALSE,TRUE,FALSE,TRUE,TRUE,TRUE,TRUE
"205","Riverside",2014,"SoCal",46,11438,0.402168211,58.292,313.1254279,68.19326304,773.6109415,126.1658596,127.9366054,"SouthCoast",3910,TRUE,FALSE,FALSE,TRUE,FALSE,TRUE,TRUE,TRUE,TRUE
"206","Riverside",2015,"SoCal",88,12829,0.685945904,60.134,317.1521293,68.9424557,737.6022591,119.6212672,104.6114003,"SouthCoast",6516,FALSE,FALSE,FALSE,TRUE,FALSE,TRUE,TRUE,TRUE,TRUE
"207","Riverside",2016,"SoCal",71,13786,0.515015233,63.944,321.2126523,69.51534301,729.459967,117.8321227,216.8371928,"SouthCoast",7986,TRUE,FALSE,TRUE,TRUE,FALSE,TRUE,TRUE,TRUE,TRUE
"208","Riverside",2017,"SoCal",53,12892,0.411107664,66.964,325.9045598,69.90032261,723.0315968,124.2288136,92.85484833,"SouthCoast",7559,TRUE,FALSE,TRUE,TRUE,FALSE,TRUE,TRUE,TRUE,TRUE
"209","Riverside",2018,"SoCal",58,13675,0.424131627,73.26,330.68109,70.64598412,580.9852649,122.4465295,339.0467064,"SouthCoast",8055,TRUE,FALSE,TRUE,TRUE,FALSE,TRUE,TRUE,TRUE,TRUE
"210","Riverside",2019,"SoCal",40,20790,0.192400192,NA,334.9019581,71.34994441,605.5460288,121.0127119,129.1708957,"SouthCoast",6914,TRUE,FALSE,TRUE,TRUE,TRUE,TRUE,TRUE,TRUE,TRUE
"211","Riverside",2020,"SoCal",43,27638,0.155582893,NA,338.2919348,72.07097193,779.600354,114.2522195,114.441929,"SouthCoast",2587,TRUE,FALSE,TRUE,TRUE,TRUE,TRUE,TRUE,TRUE,TRUE
"212","Riverside",2021,"SoCal",18,7940,0.226700252,NA,340.8445844,NA,NA,NA,NA,"SouthCoast",NA,TRUE,FALSE,TRUE,TRUE,TRUE,TRUE,TRUE,TRUE,TRUE
"213","Sacramento",2012,"NorCal",233,29242,0.796799125,52.936,1442.384306,343.6509819,464.5594457,129.1690768,431.9503902,"SacramentoValley",347,TRUE,FALSE,FALSE,TRUE,TRUE,TRUE,TRUE,FALSE,TRUE
"214","Sacramento",2013,"NorCal",234,30349,0.771030347,55.842,1453.573441,343.6386278,337.8414544,134.8642937,547.904504,"SacramentoValley",276,TRUE,FALSE,FALSE,TRUE,TRUE,TRUE,TRUE,FALSE,TRUE
"215","Sacramento",2014,"NorCal",263,31650,0.830963665,58.942,1466.137827,345.1884527,493.9985508,142.419911,517.9113564,"SacramentoValley",231,TRUE,FALSE,FALSE,TRUE,TRUE,TRUE,TRUE,FALSE,TRUE
"216","Sacramento",2015,"NorCal",248,35222,0.704105389,59.78,1483.81992,347.0922233,479.8755599,135.4721913,348.6844623,"SacramentoValley",290,TRUE,FALSE,FALSE,TRUE,TRUE,TRUE,TRUE,FALSE,TRUE
"217","Sacramento",2016,"NorCal",234,37713,0.620475698,63.045,1502.690141,348.1824748,449.6134189,142.3770857,366.9640371,"SacramentoValley",330,TRUE,FALSE,FALSE,TRUE,TRUE,TRUE,TRUE,FALSE,TRUE
"218","Sacramento",2017,"NorCal",304,44013,0.690705019,69.767,1520.107646,349.5062193,446.7159752,141.625139,467.768366,"SacramentoValley",1618,TRUE,FALSE,FALSE,TRUE,TRUE,TRUE,TRUE,FALSE,TRUE
"219","Sacramento",2018,"NorCal",271,45984,0.589335421,72.017,1536.520121,351.9492475,303.2078387,138.8921023,673.7864486,"SacramentoValley",1620,TRUE,FALSE,FALSE,TRUE,TRUE,TRUE,TRUE,FALSE,TRUE
"220","Sacramento",2019,"NorCal",288,58210,0.49476035,NA,1548.034205,354.8543199,275.8285518,131.9849833,475.8683329,"SacramentoValley",1464,TRUE,FALSE,FALSE,TRUE,TRUE,TRUE,TRUE,FALSE,TRUE
"221","Sacramento",2021,"NorCal",59,19635,0.30048383,NA,1568.557344,NA,NA,NA,NA,"SacramentoValley",NA,TRUE,FALSE,FALSE,TRUE,TRUE,TRUE,TRUE,FALSE,TRUE
"222","SanBenito",2012,"SoCal",3,441,0.680272109,NA,40.27122302,7.887028777,177.3361162,171.5833333,381.3513668,"CentralCoast",NA,FALSE,FALSE,FALSE,FALSE,FALSE,FALSE,FALSE,FALSE,FALSE
"223","SanBenito",2013,"SoCal",1,202,0.495049505,NA,40.71870504,7.896305036,145.9636896,159.7833333,426.4107665,"CentralCoast",NA,FALSE,FALSE,FALSE,FALSE,FALSE,FALSE,FALSE,FALSE,FALSE
"224","SanBenito",2014,"SoCal",1,259,0.386100386,NA,41.17913669,7.920158273,180.6627755,172.7,453.793351,"CentralCoast",98,FALSE,FALSE,FALSE,FALSE,FALSE,FALSE,FALSE,FALSE,FALSE
"225","SanBenito",2015,"SoCal",0,104,0,NA,41.60071942,7.932526619,121.7577008,163.85,214.1901623,"CentralCoast",193,FALSE,FALSE,FALSE,FALSE,FALSE,FALSE,FALSE,FALSE,FALSE
"226","SanBenito",2016,"SoCal",0,238,0,NA,41.88201439,7.967864748,171.1270398,168.6666667,314.8330505,"CentralCoast",366,FALSE,FALSE,FALSE,FALSE,TRUE,TRUE,TRUE,FALSE,TRUE
"227","SanBenito",2017,"SoCal",2,315,0.634920635,NA,42.60791367,8.012479137,189.1554611,165.6666667,345.6686398,"CentralCoast",328,TRUE,FALSE,FALSE,FALSE,TRUE,TRUE,TRUE,FALSE,TRUE
"228","SanBenito",2018,"SoCal",0,408,0,NA,43.28345324,8.095965468,115.3476403,162.8833333,577.1262415,"CentralCoast",360,TRUE,FALSE,FALSE,FALSE,TRUE,TRUE,TRUE,FALSE,TRUE
"229","SanBenito",2019,"SoCal",0,500,0,NA,44.22086331,8.222299281,115.9218018,154.9833333,383.7997674,"CentralCoast",247,TRUE,FALSE,FALSE,FALSE,TRUE,TRUE,TRUE,FALSE,TRUE
"230","SanBenito",2020,"SoCal",0,634,0,NA,45.18561151,8.379553957,162.5353927,190.25,409.4503215,"CentralCoast",50,TRUE,FALSE,FALSE,FALSE,TRUE,TRUE,TRUE,FALSE,TRUE
"231","SanBenito",2021,"SoCal",1,151,0.662251656,NA,46.08273381,NA,NA,NA,NA,"CentralCoast",NA,TRUE,FALSE,FALSE,FALSE,TRUE,TRUE,TRUE,FALSE,TRUE
"232","SanBernardino",2012,"SoCal",23,5779,0.397992732,52.323,102.5032082,21.44232758,391.036352,144.2172635,503.2952236,"SouthCoast",1230,TRUE,FALSE,FALSE,TRUE,TRUE,TRUE,TRUE,TRUE,TRUE
"233","SanBernardino",2013,"SoCal",35,6234,0.561437279,52.041,103.1341457,21.38387466,278.5865883,141.0154997,658.738834,"SouthCoast",1052,TRUE,FALSE,FALSE,TRUE,FALSE,TRUE,TRUE,TRUE,TRUE
"234","SanBernardino",2014,"SoCal",46,6989,0.658177135,53.803,103.5930366,21.47711226,439.9171731,153.6226617,341.3133311,"SouthCoast",1335,TRUE,FALSE,FALSE,TRUE,FALSE,TRUE,TRUE,TRUE,TRUE
"235","SanBernardino",2015,"SoCal",36,8732,0.412276683,56.337,104.4108928,21.6332005,399.471638,147.3968466,175.0378098,"SouthCoast",1545,TRUE,FALSE,FALSE,TRUE,FALSE,TRUE,TRUE,TRUE,TRUE
"236","SanBernardino",2016,"SoCal",39,9238,0.422169301,60.42,105.2181547,21.73553892,406.2462344,141.9778193,522.0653787,"SouthCoast",2098,TRUE,FALSE,TRUE,TRUE,FALSE,TRUE,TRUE,TRUE,TRUE
"237","SanBernardino",2017,"SoCal",49,9589,0.51100219,63.857,106.0412833,21.8164385,345.3613362,148.8097274,309.7276795,"SouthCoast",2056,TRUE,FALSE,TRUE,TRUE,TRUE,TRUE,TRUE,TRUE,TRUE
"238","SanBernardino",2018,"SoCal",65,11159,0.58248947,67.903,106.9855757,21.96593017,251.4756423,156.5232496,890.9095444,"SouthCoast",2338,TRUE,TRUE,TRUE,TRUE,FALSE,TRUE,TRUE,TRUE,TRUE
"239","SanBernardino",2019,"SoCal",59,17128,0.344465203,NA,107.7718478,22.16938543,227.2977868,134.7624265,360.0388521,"SouthCoast",2300,TRUE,TRUE,TRUE,TRUE,TRUE,TRUE,TRUE,TRUE,TRUE
"240","SanBernardino",2020,"SoCal",63,24723,0.254823444,NA,108.4349664,22.33649848,377.1224045,146.8511491,288.8860804,"SouthCoast",942,TRUE,TRUE,TRUE,TRUE,FALSE,TRUE,TRUE,TRUE,TRUE
"241","SanBernardino",2021,"SoCal",17,6865,0.247632921,NA,108.8874907,NA,NA,NA,NA,"SouthCoast",NA,TRUE,TRUE,TRUE,TRUE,FALSE,TRUE,TRUE,TRUE,TRUE
"242","SanDiego",2012,"SoCal",107,42449,0.252067187,61.426,693.1409633,158.5472536,356.6394289,138.4888944,378.7493778,"SouthCoast",NA,FALSE,FALSE,FALSE,FALSE,FALSE,FALSE,FALSE,FALSE,FALSE
"243","SanDiego",2013,"SoCal",169,46104,0.366562554,66.192,701.3555015,158.6177972,275.7210227,129.1420015,427.1100212,"SouthCoast",NA,FALSE,FALSE,FALSE,FALSE,FALSE,FALSE,FALSE,FALSE,FALSE
"244","SanDiego",2014,"SoCal",203,46694,0.434745363,67.32,709.1842687,159.6452908,365.4418231,137.1212877,212.4324986,"SouthCoast",662,FALSE,FALSE,FALSE,FALSE,FALSE,FALSE,FALSE,FALSE,FALSE
"245","SanDiego",2015,"SoCal",201,53234,0.377578239,70.824,717.825232,161.1231776,273.7315386,138.4913901,177.9378514,"SouthCoast",1312,FALSE,FALSE,FALSE,FALSE,FALSE,FALSE,FALSE,FALSE,FALSE
"246","SanDiego",2016,"SoCal",221,54798,0.40329939,76.207,724.8895272,162.0458056,356.9700728,135.5700025,314.5926587,"SouthCoast",1446,TRUE,FALSE,TRUE,FALSE,FALSE,TRUE,TRUE,TRUE,TRUE
"247","SanDiego",2017,"SoCal",198,57550,0.344048653,79.079,730.4659744,163.1179315,325.1072303,143.5909658,180.7919379,"SouthCoast",1523,TRUE,TRUE,TRUE,FALSE,FALSE,TRUE,TRUE,TRUE,TRUE
"248","SanDiego",2018,"SoCal",210,61026,0.344115623,83.985,733.812859,164.7287658,207.6281933,144.1966559,520.098294,"SouthCoast",1795,TRUE,FALSE,TRUE,FALSE,FALSE,TRUE,TRUE,TRUE,TRUE
"249","SanDiego",2019,"SoCal",192,73774,0.26025429,NA,736.6020769,166.1015157,276.0745325,133.1267781,296.3387038,"SouthCoast",1495,TRUE,FALSE,TRUE,FALSE,FALSE,TRUE,TRUE,TRUE,TRUE
"250","SanDiego",2020,"SoCal",248,98456,0.251889169,NA,737.589483,167.3947684,302.4069586,142.22286,211.3674097,"SouthCoast",331,TRUE,TRUE,TRUE,FALSE,FALSE,TRUE,TRUE,TRUE,TRUE
"251","SanDiego",2021,"SoCal",76,26813,0.283444598,NA,736.2852408,NA,NA,NA,NA,"SouthCoast",NA,TRUE,FALSE,TRUE,TRUE,FALSE,TRUE,TRUE,TRUE,TRUE
"252","SanFrancisco",2013,"Central",36,13334,0.269986501,85.07,17635.65957,4923.744383,178.9482589,143,681.6984105,"BayDelta",NA,FALSE,FALSE,FALSE,FALSE,FALSE,FALSE,FALSE,FALSE,FALSE
"253","SanFrancisco",2014,"Central",47,14831,0.316903783,92.094,17863.23404,4977.332213,225.1486235,168,644.2595497,"BayDelta",NA,FALSE,FALSE,FALSE,FALSE,FALSE,FALSE,FALSE,FALSE,FALSE
"254","SanFrancisco",2015,"Central",52,15229,0.341453805,103.801,18101.06383,5050.607234,194.31776,147,358.3933232,"BayDelta",NA,FALSE,FALSE,FALSE,FALSE,FALSE,FALSE,FALSE,FALSE,FALSE
"255","SanFrancisco",2016,"Central",51,16228,0.314271629,110.816,18361.91489,5097.480255,202.9014244,146,416.7539982,"BayDelta",NA,FALSE,FALSE,FALSE,FALSE,FALSE,FALSE,FALSE,FALSE,FALSE
"256","SanFrancisco",2017,"Central",85,14870,0.571620713,112.376,18542.80851,5131.772809,220.8538756,163,507.7111357,"BayDelta",NA,FALSE,FALSE,FALSE,FALSE,FALSE,FALSE,FALSE,FALSE,FALSE
"257","SanFrancisco",2018,"Central",48,14605,0.32865457,123.859,18681.70213,5193.734553,145.4402752,159,690.4842821,"BayDelta",NA,FALSE,FALSE,FALSE,FALSE,FALSE,FALSE,FALSE,FALSE,FALSE
"258","SanFrancisco",2019,"Central",43,17560,0.244874715,NA,18738.21277,5244.840255,121.5289729,146,435.6992972,"BayDelta",NA,FALSE,FALSE,FALSE,FALSE,FALSE,FALSE,FALSE,FALSE,FALSE
"259","SanJoaquin",2012,"Central",48,5219,0.919716421,51.432,486.9242637,101.1076297,514.0037971,127.4888211,277.9561551,"BayDelta",1547,TRUE,FALSE,FALSE,TRUE,TRUE,TRUE,TRUE,TRUE,TRUE
"260","SanJoaquin",2013,"Central",53,6823,0.776784406,51.659,490.5981767,101.0150561,379.8213545,133.1778455,420.6754528,"BayDelta",1676,TRUE,FALSE,FALSE,TRUE,TRUE,TRUE,TRUE,TRUE,TRUE
"261","SanJoaquin",2014,"Central",64,7410,0.863697706,53.705,492.3183731,101.5898738,563.0129639,142.6239837,268.5216204,"BayDelta",1880,TRUE,FALSE,FALSE,TRUE,TRUE,TRUE,TRUE,TRUE,TRUE
"262","SanJoaquin",2015,"Central",60,9051,0.662910176,59.518,499.0035063,102.2818079,588.886839,134.245935,148.8793758,"BayDelta",1791,TRUE,FALSE,FALSE,TRUE,TRUE,TRUE,TRUE,TRUE,TRUE
"263","SanJoaquin",2016,"Central",67,9387,0.713753063,61.164,506.5014025,102.7463983,500.1545992,138.7063008,240.3427157,"BayDelta",1882,TRUE,FALSE,FALSE,TRUE,TRUE,TRUE,TRUE,TRUE,TRUE
"264","SanJoaquin",2017,"Central",84,9331,0.900225056,64.119,513.8913043,103.6041038,509.4618155,131.9034553,232.2512406,"BayDelta",2033,TRUE,FALSE,FALSE,TRUE,TRUE,TRUE,TRUE,TRUE,TRUE
"265","SanJoaquin",2018,"Central",63,9161,0.68769785,68.997,521.2454418,104.5526606,365.3106165,133.8384146,456.666046,"BayDelta",2094,TRUE,FALSE,FALSE,TRUE,TRUE,TRUE,TRUE,TRUE,TRUE
"266","SanJoaquin",2019,"Central",85,11502,0.739001913,NA,527.6935484,105.7324362,338.611301,129.2845528,250.8493723,"BayDelta",1733,TRUE,FALSE,FALSE,TRUE,TRUE,TRUE,TRUE,TRUE,TRUE
"267","SanJoaquin",2020,"Central",118,13212,0.89312746,NA,534.4656381,107.0723857,516.8358593,128.527439,235.0062073,"BayDelta",557,TRUE,FALSE,TRUE,TRUE,TRUE,TRUE,TRUE,TRUE,TRUE
"268","SanJoaquin",2021,"Central",27,3314,0.814725407,NA,538.5462833,NA,NA,NA,NA,"BayDelta",NA,TRUE,FALSE,FALSE,TRUE,TRUE,TRUE,TRUE,TRUE,TRUE
"269","SanLuisObispo",2012,"SoCal",27,3692,0.731310943,58.158,74.96073009,19.94464215,215.8397197,148,473.0020565,"CentralCoast",NA,TRUE,FALSE,FALSE,FALSE,FALSE,FALSE,FALSE,FALSE,FALSE
"270","SanLuisObispo",2013,"SoCal",24,4225,0.568047337,63.474,75.81858407,19.96043363,164.2721211,138.5,525.9767179,"CentralCoast",NA,TRUE,FALSE,FALSE,FALSE,FALSE,FALSE,FALSE,FALSE,FALSE
"271","SanLuisObispo",2014,"SoCal",14,4167,0.335973122,62.648,76.24336283,20.07267201,225.8031728,163,566.7453676,"CentralCoast",NA,FALSE,FALSE,FALSE,FALSE,FALSE,FALSE,FALSE,FALSE,FALSE
"272","SanLuisObispo",2015,"SoCal",6,5102,0.117600941,70.564,76.94330752,20.22973783,192.9354568,147,270.4942767,"CentralCoast",NA,FALSE,FALSE,FALSE,FALSE,FALSE,FALSE,FALSE,FALSE,FALSE
"273","SanLuisObispo",2016,"SoCal",25,6138,0.407298794,71.88,77.45492257,20.39885951,216.8114477,161,436.6093476,"CentralCoast",NA,TRUE,FALSE,FALSE,FALSE,FALSE,FALSE,FALSE,FALSE,FALSE
"274","SanLuisObispo",2017,"SoCal",25,5796,0.431331953,71.148,77.93224558,20.52315376,271.6521972,178,400.6443032,"CentralCoast",NA,FALSE,FALSE,FALSE,FALSE,FALSE,FALSE,FALSE,FALSE,FALSE
"275","SanLuisObispo",2018,"SoCal",29,5801,0.499913808,77.265,78.11974558,20.70178429,143.6434464,164,784.9170248,"CentralCoast",NA,TRUE,FALSE,FALSE,FALSE,FALSE,FALSE,FALSE,FALSE,FALSE
"276","SanLuisObispo",2019,"SoCal",16,7589,0.210831467,NA,78.36117257,20.88058462,140.0702222,150.5,429.6854053,"CentralCoast",NA,FALSE,FALSE,FALSE,FALSE,FALSE,FALSE,FALSE,FALSE,FALSE
"277","SanLuisObispo",2020,"SoCal",24,9818,0.244448971,NA,78.29397124,21.05004591,191.7010977,168,399.1159977,"CentralCoast",NA,FALSE,FALSE,FALSE,FALSE,FALSE,FALSE,FALSE,FALSE,FALSE
"278","SanLuisObispo",2021,"SoCal",12,2818,0.425833925,NA,78.05558628,NA,NA,NA,NA,"CentralCoast",NA,FALSE,FALSE,FALSE,FALSE,FALSE,FALSE,FALSE,FALSE,FALSE
"279","SanMateo",2012,"Central",31,11986,0.258635074,91.322,978.9569892,223.947422,216.456292,146.9890156,515.7906728,"BayDelta",209,FALSE,FALSE,FALSE,FALSE,FALSE,FALSE,FALSE,FALSE,FALSE
"280","SanMateo",2013,"Central",41,11985,0.342094285,101.051,993.5806452,223.4118226,160.4677888,145.5703422,702.6999421,"BayDelta",261,FALSE,FALSE,FALSE,FALSE,FALSE,FALSE,FALSE,FALSE,FALSE
"281","SanMateo",2014,"Central",44,12784,0.344180225,101.272,1006.264785,224.6002097,213.0755313,171.833967,654.7977775,"BayDelta",214,TRUE,FALSE,FALSE,FALSE,FALSE,TRUE,TRUE,FALSE,TRUE
"282","SanMateo",2015,"Central",41,13762,0.297921814,108.627,1017.747312,225.7786935,185.2583078,150.4228982,346.4294618,"BayDelta",454,TRUE,FALSE,TRUE,FALSE,FALSE,TRUE,TRUE,FALSE,TRUE
"283","SanMateo",2016,"Central",43,15170,0.283454186,116.653,1028.299731,226.8251344,201.3388343,155.3924799,571.8187342,"BayDelta",299,TRUE,FALSE,FALSE,FALSE,FALSE,TRUE,TRUE,FALSE,TRUE
"284","SanMateo",2017,"Central",54,15975,0.338028169,124.425,1032.13172,227.7304543,213.5780438,168.9577524,643.789715,"BayDelta",460,TRUE,FALSE,FALSE,FALSE,FALSE,TRUE,TRUE,FALSE,TRUE
"285","SanMateo",2018,"Central",50,16494,0.303140536,138.5,1033.469086,229.5014812,133.8140466,161.1423743,885.7257104,"BayDelta",663,TRUE,FALSE,FALSE,FALSE,FALSE,TRUE,TRUE,FALSE,TRUE
"286","SanMateo",2019,"Central",48,19776,0.242718447,NA,1033.173387,230.6362258,112.9364963,149.8483312,558.679442,"BayDelta",634,TRUE,FALSE,FALSE,FALSE,FALSE,TRUE,TRUE,FALSE,TRUE
"287","SanMateo",2020,"Central",52,24578,0.211571324,NA,1030.340054,231.4879032,175.7091997,171.5500634,781.6327801,"BayDelta",262,TRUE,FALSE,FALSE,FALSE,FALSE,TRUE,TRUE,FALSE,TRUE
"288","SanMateo",2021,"Central",20,7085,0.282286521,NA,1019.231183,NA,NA,NA,NA,"BayDelta",NA,TRUE,FALSE,FALSE,FALSE,FALSE,TRUE,TRUE,FALSE,TRUE
"289","SantaBarbara",2012,"SoCal",5,3506,0.142612664,62.421,10129.83333,2234.609143,192.9564137,149.7126437,505.4297983,"CentralCoast",NA,TRUE,FALSE,FALSE,FALSE,FALSE,TRUE,TRUE,TRUE,TRUE
"290","SantaBarbara",2013,"SoCal",4,4052,0.098716683,63.833,10230.92857,2232.313952,148.8866852,141.091954,712.7291623,"CentralCoast",NA,TRUE,FALSE,FALSE,FALSE,FALSE,TRUE,TRUE,TRUE,TRUE
"291","SantaBarbara",2015,"SoCal",19,4269,0.445069103,67.436,10453.45238,2257.385619,159.9345612,148.6206897,264.6911555,"CentralCoast",NA,TRUE,FALSE,FALSE,FALSE,FALSE,TRUE,TRUE,TRUE,TRUE
"292","SantaBarbara",2016,"SoCal",18,4075,0.441717791,71.106,10529.2619,2268.042905,195.2798765,160.862069,485.7184854,"CentralCoast",1,TRUE,FALSE,FALSE,FALSE,FALSE,TRUE,TRUE,TRUE,TRUE
"293","SantaBarbara",2017,"SoCal",19,4744,0.400505902,77.472,10579.52381,2280.015905,234.1048788,182.2528736,391.4201463,"CentralCoast",NA,TRUE,FALSE,FALSE,FALSE,FALSE,TRUE,TRUE,TRUE,TRUE
"294","SantaBarbara",2019,"SoCal",12,7357,0.163109963,NA,10613.80952,2314.414524,140.8025113,151.908046,466.3862316,"CentralCoast",16,TRUE,FALSE,FALSE,FALSE,FALSE,TRUE,TRUE,TRUE,TRUE
"295","SantaBarbara",2020,"SoCal",16,7780,0.205655527,NA,10630.92857,2328.609619,181.6446179,171.7011494,381.2873864,"CentralCoast",NA,FALSE,FALSE,FALSE,FALSE,FALSE,TRUE,TRUE,TRUE,TRUE
"296","SantaBarbara",2021,"SoCal",6,2055,0.291970803,NA,10589.66667,NA,NA,NA,NA,"CentralCoast",NA,FALSE,FALSE,FALSE,FALSE,FALSE,TRUE,TRUE,TRUE,TRUE
"297","SantaClara",2012,"Central",117,33808,0.346071936,92.014,1389.611963,298.2180107,231.0488725,145.6662407,516.3298453,"BayDelta",732,FALSE,FALSE,FALSE,FALSE,FALSE,TRUE,TRUE,FALSE,TRUE
"298","SantaClara",2013,"Central",118,35945,0.328279316,97.532,1409.396472,299.6042193,168.7894554,142.7861555,696.0522684,"BayDelta",723,FALSE,FALSE,FALSE,FALSE,FALSE,TRUE,TRUE,FALSE,TRUE
"299","SantaClara",2014,"Central",178,37716,0.471948245,102.34,1431.307515,302.5993528,241.9363131,167.6374867,634.1681313,"BayDelta",1056,TRUE,FALSE,FALSE,FALSE,FALSE,TRUE,TRUE,FALSE,TRUE
"300","SantaClara",2015,"Central",165,40250,0.409937888,111.069,1450.730828,306.609658,215.3370575,151.8549521,306.9316998,"BayDelta",631,TRUE,FALSE,FALSE,FALSE,FALSE,TRUE,TRUE,FALSE,TRUE
"301","SantaClara",2016,"Central",120,41028,0.292483182,119.035,1469.543712,311.0597454,234.6203122,161.0994675,584.8367928,"BayDelta",309,TRUE,FALSE,FALSE,FALSE,TRUE,TRUE,TRUE,FALSE,TRUE
"302","SantaClara",2017,"Central",144,42554,0.338393571,126.606,1478.809816,313.1673098,270.6574274,172.5476038,674.3275645,"BayDelta",585,TRUE,FALSE,FALSE,FALSE,TRUE,TRUE,TRUE,FALSE,TRUE
"303","SantaClara",2018,"Central",127,42929,0.295837313,133.076,1481.986196,316.0174187,156.0475772,161.4779553,921.3567819,"BayDelta",220,FALSE,FALSE,FALSE,FALSE,TRUE,TRUE,TRUE,FALSE,TRUE
"304","SantaClara",2019,"Central",114,50031,0.227858728,NA,1481.853528,319.4918865,137.9027248,150.6317359,598.3856549,"BayDelta",1050,TRUE,FALSE,FALSE,FALSE,TRUE,TRUE,TRUE,FALSE,TRUE
"305","SantaClara",2020,"Central",146,58755,0.24848949,NA,1478.41411,323.1532853,233.9983185,169.3539936,824.1626348,"BayDelta",296,TRUE,FALSE,FALSE,FALSE,TRUE,TRUE,TRUE,FALSE,TRUE
"306","SantaClara",2021,"Central",25,15347,0.162898286,NA,1462.503834,NA,NA,NA,NA,"BayDelta",NA,TRUE,FALSE,FALSE,FALSE,TRUE,TRUE,TRUE,FALSE,TRUE
"307","SantaCruz",2012,"SoCal",41,7487,0.547615868,68.438,436.339374,105.6514959,194.257118,154.0073529,469.329823,"CentralCoast",262,TRUE,FALSE,FALSE,FALSE,TRUE,TRUE,TRUE,FALSE,TRUE
"308","SantaCruz",2013,"SoCal",50,9785,0.510986203,65.368,438.7808896,105.4886392,138.9667866,148.3382353,607.8673705,"CentralCoast",396,TRUE,FALSE,FALSE,FALSE,TRUE,TRUE,TRUE,FALSE,TRUE
"309","SantaCruz",2014,"SoCal",42,10524,0.399087799,65.139,442.8599671,105.8841483,201.3373804,176.0073529,612.7174442,"CentralCoast",369,TRUE,FALSE,FALSE,FALSE,TRUE,TRUE,TRUE,FALSE,TRUE
"310","SantaCruz",2015,"SoCal",56,11459,0.488698839,77.613,446.2289951,106.4647677,177.3158522,154.6691176,266.032358,"CentralCoast",814,TRUE,FALSE,FALSE,FALSE,TRUE,TRUE,TRUE,FALSE,TRUE
"311","SantaCruz",2016,"SoCal",48,12217,0.392895146,79.705,450.5815486,106.7419275,202.985298,167.2720588,449.8605636,"CentralCoast",700,TRUE,FALSE,FALSE,FALSE,TRUE,TRUE,TRUE,FALSE,TRUE
"312","SantaCruz",2017,"SoCal",67,12277,0.545735929,86.941,452.0527183,106.853196,210.9021702,176.5367647,515.8605978,"CentralCoast",605,TRUE,FALSE,FALSE,FALSE,TRUE,TRUE,TRUE,FALSE,TRUE
"313","SantaCruz",2018,"SoCal",68,12532,0.542610916,89.269,452.8105437,107.5551993,121.987702,163.7352941,754.199789,"CentralCoast",565,TRUE,FALSE,FALSE,FALSE,TRUE,TRUE,TRUE,FALSE,TRUE
"314","SantaCruz",2019,"SoCal",57,12925,0.441005803,NA,451.1383855,107.9486853,105.0508474,154.5367647,550.0420152,"CentralCoast",286,TRUE,FALSE,FALSE,FALSE,TRUE,TRUE,TRUE,FALSE,TRUE
"315","SantaCruz",2020,"SoCal",75,14615,0.513171399,NA,450.1037891,108.3725173,177.2833867,174.4044118,648.0572365,"CentralCoast",113,TRUE,FALSE,FALSE,FALSE,FALSE,TRUE,TRUE,FALSE,TRUE
"316","SantaCruz",2021,"SoCal",22,4305,0.511033682,NA,444.6869852,NA,NA,NA,NA,"CentralCoast",NA,TRUE,FALSE,FALSE,FALSE,TRUE,TRUE,TRUE,FALSE,TRUE
"317","Shasta",2012,"NorCal",76,3782,2.009518773,40.332,46.1627242,12.34384195,482.1221849,133,1047.912122,"Klamath",711,TRUE,FALSE,FALSE,TRUE,TRUE,TRUE,FALSE,FALSE,TRUE
"318","Shasta",2013,"NorCal",104,4340,2.396313364,43.706,46.23732779,12.3387346,301.7740729,140.3814956,1386.959158,"Klamath",1015,TRUE,FALSE,FALSE,TRUE,TRUE,TRUE,FALSE,FALSE,TRUE
"319","Shasta",2014,"NorCal",131,5025,2.606965174,46.693,46.37301794,12.3746457,516.4643384,134.2053232,1262.994182,"Klamath",1055,TRUE,FALSE,FALSE,TRUE,TRUE,TRUE,FALSE,FALSE,TRUE
"320","Shasta",2015,"NorCal",131,4565,2.86966046,46.724,46.48921237,12.43577437,485.0121897,135.0785805,667.7741312,"Klamath",1084,TRUE,FALSE,FALSE,TRUE,TRUE,TRUE,FALSE,FALSE,TRUE
"321","Shasta",2016,"NorCal",123,6123,2.008819206,52.439,46.35144268,12.46705693,463.3480255,143.9480355,735.7026404,"Klamath",1184,TRUE,FALSE,FALSE,TRUE,TRUE,TRUE,FALSE,FALSE,TRUE
"322","Shasta",2017,"NorCal",173,6721,2.574021723,56.28,46.41824799,12.49754146,479.8109107,142.6844106,948.2648853,"Klamath",1456,TRUE,FALSE,FALSE,TRUE,TRUE,TRUE,FALSE,FALSE,TRUE
"323","Shasta",2018,"NorCal",187,7817,2.39222208,63.091,46.62958149,12.58420691,298.2408065,134.608365,1486.151634,"Klamath",1506,TRUE,FALSE,FALSE,TRUE,TRUE,TRUE,FALSE,FALSE,TRUE
"324","Shasta",2019,"NorCal",174,9061,1.920317846,NA,46.71406291,12.63863218,276.4062258,139.6958175,871.8907064,"Klamath",1521,TRUE,FALSE,FALSE,TRUE,TRUE,TRUE,FALSE,FALSE,TRUE
"325","Shasta",2020,"NorCal",122,7666,1.591442734,NA,46.81050169,12.54829581,432.6522473,135.0012674,1270.950334,"Klamath",640,TRUE,FALSE,FALSE,TRUE,TRUE,TRUE,FALSE,FALSE,TRUE
"326","Shasta",2021,"NorCal",27,2358,1.145038168,NA,46.53678191,NA,NA,NA,NA,"Klamath",NA,TRUE,TRUE,TRUE,TRUE,TRUE,TRUE,FALSE,FALSE,TRUE
"327","Solano",2012,"Central",24,4820,0.497925311,63.52,459.5386313,103.8886645,372.6338078,135.6018237,554.7816971,"BayDelta",NA,FALSE,FALSE,FALSE,FALSE,FALSE,FALSE,FALSE,FALSE,FALSE
"328","Solano",2013,"Central",35,5479,0.638802701,67.999,463.2163355,103.7124614,246.6381304,143.8966565,776.9608355,"BayDelta",NA,FALSE,FALSE,FALSE,FALSE,FALSE,FALSE,FALSE,FALSE,FALSE
"329","Solano",2014,"Central",36,6355,0.566483084,67.443,467.6147903,104.2763113,352.5823811,153.1398176,661.2793596,"BayDelta",NA,FALSE,FALSE,FALSE,FALSE,FALSE,FALSE,FALSE,FALSE,FALSE
"330","Solano",2015,"Central",23,6399,0.359431161,73.9,473.5165563,105.042117,352.8817643,143.9665653,346.3692566,"BayDelta",NA,FALSE,FALSE,FALSE,FALSE,FALSE,FALSE,FALSE,FALSE,FALSE
"331","Solano",2016,"Central",28,6809,0.411220444,77.133,478.3763797,105.4758477,354.4618155,146.0182371,458.5716022,"BayDelta",NA,FALSE,FALSE,FALSE,FALSE,FALSE,FALSE,FALSE,FALSE,FALSE
"332","Solano",2017,"Central",40,8451,0.473316767,84.395,484.3907285,106.281638,338.3981329,151.4680851,538.2259918,"BayDelta",24,FALSE,FALSE,FALSE,FALSE,FALSE,FALSE,FALSE,FALSE,FALSE
"333","Solano",2018,"Central",41,9183,0.446477186,86.652,489.5264901,107.0196578,239.291418,146.112462,770.8459558,"BayDelta",415,FALSE,FALSE,FALSE,FALSE,FALSE,FALSE,FALSE,FALSE,FALSE
"334","Solano",2021,"Central",5,2891,0.172950536,NA,493.3057395,NA,NA,NA,NA,"BayDelta",NA,TRUE,FALSE,TRUE,TRUE,TRUE,TRUE,TRUE,FALSE,TRUE
"335","Sonoma",2012,"NorCal",175,29729,0.588650812,61.029,275.6906109,71.3264491,214.2276706,151.8410256,850.7526794,"BayDelta",327,TRUE,FALSE,FALSE,FALSE,TRUE,TRUE,TRUE,FALSE,TRUE
"336","Sonoma",2013,"NorCal",226,41023,0.550910465,67.771,277.145362,71.1100905,128.55248,156.9384615,1159.311327,"BayDelta",379,TRUE,FALSE,FALSE,FALSE,TRUE,TRUE,TRUE,FALSE,TRUE
"337","Sonoma",2014,"NorCal",284,48330,0.587626733,66.674,279.4530543,71.4309819,204.204457,173.2307692,1012.867508,"BayDelta",415,TRUE,FALSE,FALSE,FALSE,TRUE,TRUE,TRUE,FALSE,TRUE
"338","Sonoma",2015,"NorCal",881,106581,0.826601364,73.929,281.9909502,71.96441176,187.7102775,160.1538462,506.2695649,"BayDelta",548,TRUE,FALSE,FALSE,FALSE,TRUE,TRUE,TRUE,FALSE,TRUE
"339","Sonoma",2016,"NorCal",173,196856,0.087881497,80.409,283.293552,72.19744005,219.5670218,160.1846154,635.6339021,"BayDelta",553,TRUE,FALSE,FALSE,FALSE,TRUE,TRUE,TRUE,FALSE,TRUE
"340","Sonoma",2017,"NorCal",158,210254,0.075147203,81.395,284.2460407,72.28842873,175.9206393,172.4974359,690.0420167,"BayDelta",526,TRUE,FALSE,FALSE,FALSE,TRUE,TRUE,TRUE,FALSE,TRUE
"341","Sonoma",2018,"NorCal",154,220287,0.069908801,87.828,284.2019231,72.68954299,132.8425288,164.1641026,1117.567516,"BayDelta",580,TRUE,FALSE,FALSE,FALSE,TRUE,TRUE,TRUE,FALSE,TRUE
"342","Sonoma",2019,"NorCal",141,232352,0.06068379,NA,282.0378959,71.27921833,113.0299301,153.1128205,673.2356384,"BayDelta",135,TRUE,FALSE,FALSE,FALSE,TRUE,TRUE,TRUE,FALSE,TRUE
"343","Sonoma",2020,"NorCal",159,145645,0.109169556,NA,279.60181,72.33704864,201.2391709,164.6,990.4409561,"BayDelta",63,TRUE,FALSE,FALSE,FALSE,TRUE,TRUE,TRUE,FALSE,TRUE
"344","Sonoma",2021,"NorCal",46,60812,0.075642965,NA,277.0469457,NA,NA,NA,NA,"BayDelta",NA,TRUE,FALSE,FALSE,FALSE,FALSE,TRUE,TRUE,FALSE,TRUE
"345","Stanislaus",2012,"Central",9,2405,0.374220374,47.962,341.6237624,72.98859142,494.3623467,125.0124346,313.1692987,"SanJoaquinValley",979,TRUE,FALSE,FALSE,TRUE,TRUE,TRUE,TRUE,FALSE,TRUE
"346","Stanislaus",2013,"Central",20,3179,0.629128657,51.084,343.5141914,72.62586535,380.4214744,127.1282723,406.6511431,"SanJoaquinValley",1207,TRUE,FALSE,FALSE,TRUE,TRUE,TRUE,TRUE,FALSE,TRUE
"347","Stanislaus",2014,"Central",31,4148,0.74734812,52.363,345.5122112,72.83093729,541.6372996,133.117801,394.4664597,"SanJoaquinValley",1050,TRUE,FALSE,FALSE,TRUE,TRUE,TRUE,TRUE,FALSE,TRUE
"348","Stanislaus",2015,"Central",40,3454,1.158077591,54.305,348.5247525,73.07086337,546.7093121,129.2460733,210.1544965,"SanJoaquinValley",935,TRUE,FALSE,FALSE,TRUE,TRUE,TRUE,TRUE,FALSE,TRUE
"349","Stanislaus",2016,"Central",18,4344,0.414364641,59.514,351.9544554,73.25364488,535.3618885,133.2814136,284.1938698,"SanJoaquinValley",870,TRUE,FALSE,FALSE,TRUE,TRUE,TRUE,TRUE,FALSE,TRUE
"350","Stanislaus",2017,"Central",23,4251,0.541049165,60.321,355.9438944,73.28363564,547.2830626,134.3344241,339.73605,"SanJoaquinValley",923,TRUE,FALSE,FALSE,TRUE,TRUE,TRUE,TRUE,FALSE,TRUE
"351","Stanislaus",2018,"Central",20,4100,0.487804878,63.037,359.5491749,73.59691749,363.7579839,131.8324607,561.092268,"SanJoaquinValley",1257,TRUE,FALSE,FALSE,TRUE,TRUE,TRUE,FALSE,FALSE,TRUE
"352","Stanislaus",2019,"Central",16,5443,0.293955539,NA,361.7993399,73.88466667,353.2676169,132.0569372,346.7932593,"SanJoaquinValley",1449,FALSE,FALSE,FALSE,TRUE,TRUE,TRUE,TRUE,FALSE,TRUE
"353","Stanislaus",2020,"Central",7,4750,0.147368421,NA,363.4719472,74.16106799,488.2840309,133.8566754,406.6445455,"SanJoaquinValley",398,TRUE,FALSE,TRUE,TRUE,TRUE,TRUE,TRUE,FALSE,TRUE
"354","Stanislaus",2021,"Central",11,1617,0.680272109,NA,363.089769,NA,NA,NA,NA,"SanJoaquinValley",NA,FALSE,FALSE,TRUE,TRUE,TRUE,TRUE,TRUE,FALSE,TRUE
"355","Sutter",2012,"NorCal",5,704,0.710227273,49.139,155.3980263,34.22545066,558.9092207,125.7321429,534.7768398,"SacramentoValley",NA,FALSE,FALSE,FALSE,FALSE,FALSE,FALSE,FALSE,FALSE,FALSE
"356","Sutter",2014,"NorCal",14,634,2.208201893,52.277,155.4391447,34.28907237,545.500563,132.0892857,611.4501078,"SacramentoValley",NA,FALSE,FALSE,FALSE,FALSE,FALSE,FALSE,FALSE,FALSE,FALSE
"357","Sutter",2015,"NorCal",9,740,1.216216216,51.397,155.8848684,34.4415625,527.2688131,132.1785714,376.7408219,"SacramentoValley",NA,FALSE,FALSE,FALSE,FALSE,FALSE,FALSE,FALSE,FALSE,FALSE
"358","Sutter",2016,"NorCal",14,833,1.680672269,55.062,156.7138158,34.51427303,503.9070517,139.7857143,438.1470182,"SacramentoValley",123,FALSE,FALSE,FALSE,FALSE,FALSE,FALSE,FALSE,FALSE,FALSE
"359","Sutter",2017,"NorCal",21,952,2.205882353,59.121,157.4703947,34.63242763,509.7841717,136.625,496.8046974,"SacramentoValley",115,FALSE,FALSE,FALSE,FALSE,FALSE,FALSE,FALSE,FALSE,FALSE
"360","Sutter",2018,"NorCal",16,1341,1.193139448,62.777,158.2302632,34.74351316,345.4178097,132.7321429,766.4163473,"SacramentoValley",80,FALSE,FALSE,FALSE,FALSE,TRUE,TRUE,FALSE,FALSE,TRUE
"361","Sutter",2019,"NorCal",18,1786,1.007838746,NA,158.4671053,34.81521382,325.4381829,129.1785714,534.2051048,"SacramentoValley",133,FALSE,FALSE,FALSE,TRUE,TRUE,TRUE,FALSE,FALSE,TRUE
"362","Sutter",2020,"NorCal",16,2273,0.70391553,NA,159.4917763,34.91822039,497.4447641,128.6607143,727.5996056,"SacramentoValley",18,TRUE,FALSE,FALSE,TRUE,TRUE,TRUE,FALSE,FALSE,TRUE
"363","Sutter",2021,"NorCal",6,638,0.940438871,NA,158.5279605,NA,NA,NA,NA,"SacramentoValley",NA,FALSE,FALSE,TRUE,TRUE,TRUE,TRUE,FALSE,FALSE,TRUE
"364","Tehama",2012,"NorCal",21,428,4.906542056,NA,21.38116138,5.578652262,582.6672706,123.5384615,663.5954545,"SacramentoValley",NA,FALSE,FALSE,FALSE,FALSE,TRUE,FALSE,FALSE,FALSE,TRUE
"365","Tehama",2013,"NorCal",17,521,3.262955854,NA,21.34098582,5.58196894,369.9573169,130.4615385,854.5500293,"SacramentoValley",NA,FALSE,FALSE,FALSE,FALSE,FALSE,FALSE,FALSE,FALSE,FALSE
"366","Tehama",2014,"NorCal",12,356,3.370786517,NA,21.22721134,5.601661715,594.3134641,125.0769231,696.865775,"SacramentoValley",NA,FALSE,FALSE,FALSE,FALSE,FALSE,FALSE,FALSE,FALSE,FALSE
"367","Tehama",2015,"NorCal",15,437,3.432494279,NA,21.20222822,5.621147198,576.0146287,126.0769231,338.7714205,"SacramentoValley",NA,FALSE,FALSE,FALSE,FALSE,FALSE,FALSE,FALSE,FALSE,FALSE
"368","Tehama",2016,"NorCal",20,491,4.073319756,NA,21.3227549,5.642498312,564.8376631,136.6153846,471.4804006,"SacramentoValley",NA,FALSE,FALSE,FALSE,FALSE,FALSE,FALSE,FALSE,FALSE,FALSE
"369","Tehama",2017,"NorCal",20,411,4.866180049,NA,21.42234976,5.643534774,567.7256449,132.5384615,539.722722,"SacramentoValley",NA,FALSE,FALSE,FALSE,FALSE,FALSE,FALSE,FALSE,FALSE,FALSE
"370","Tehama",2018,"NorCal",13,473,2.748414376,53.475,21.55536799,5.671311951,359.0624488,127.0769231,841.2764725,"SacramentoValley",1,FALSE,FALSE,FALSE,FALSE,FALSE,FALSE,FALSE,FALSE,FALSE
"371","Tehama",2019,"NorCal",13,508,2.559055118,NA,21.61309926,5.687480756,333.2392686,127.5384615,521.0471868,"SacramentoValley",NA,FALSE,FALSE,FALSE,FALSE,FALSE,FALSE,FALSE,FALSE,FALSE
"372","Tehama",2020,"NorCal",25,618,4.045307443,NA,21.97299122,5.712563133,536.4758821,126.5384615,732.7128423,"SacramentoValley",NA,FALSE,FALSE,FALSE,FALSE,FALSE,FALSE,FALSE,TRUE,TRUE
"373","Tehama",2021,"NorCal",10,146,6.849315068,NA,21.77380149,NA,NA,NA,NA,"SacramentoValley",NA,FALSE,FALSE,FALSE,FALSE,FALSE,FALSE,FALSE,FALSE,FALSE
"374","Tulare",2012,"SoCal",15,1124,1.334519573,39.422,92.32982021,18.13501467,618.2990761,121.9647577,210.2123758,"SanJoaquinValley",272,TRUE,FALSE,FALSE,TRUE,TRUE,TRUE,TRUE,TRUE,TRUE
"375","Tulare",2013,"SoCal",17,2003,0.84872691,42.611,92.94874974,18.20277165,449.948185,121.7030837,303.644332,"SanJoaquinValley",1306,TRUE,FALSE,FALSE,TRUE,TRUE,TRUE,TRUE,TRUE,TRUE
"376","Tulare",2014,"SoCal",16,2224,0.71942446,42.413,93.50278983,18.31252779,633.1922852,126.6484581,330.5781886,"SanJoaquinValley",1641,TRUE,FALSE,FALSE,TRUE,TRUE,TRUE,TRUE,TRUE,TRUE
"377","Tulare",2015,"SoCal",16,2496,0.641025641,45.881,94.05620996,18.46187229,639.2828497,124.1656388,157.8303523,"SanJoaquinValley",3714,TRUE,FALSE,TRUE,TRUE,TRUE,TRUE,TRUE,TRUE,TRUE
"378","Tulare",2016,"SoCal",4,1621,0.246761258,46.266,94.47427154,18.59560984,578.6793883,127.2044053,199.5838121,"SanJoaquinValley",4851,TRUE,FALSE,FALSE,TRUE,TRUE,TRUE,TRUE,TRUE,TRUE
"379","Tulare",2017,"SoCal",10,1566,0.638569604,48.817,94.90287249,18.7203385,639.8437388,122.8555066,200.6884941,"SanJoaquinValley",5637,FALSE,FALSE,TRUE,TRUE,TRUE,TRUE,TRUE,TRUE,TRUE
"380","Tulare",2018,"SoCal",10,1894,0.527983105,57.692,95.53792106,18.90419591,458.0437936,121.8572687,566.9983808,"SanJoaquinValley",5540,TRUE,FALSE,TRUE,TRUE,TRUE,TRUE,TRUE,TRUE,TRUE
"381","Tulare",2019,"SoCal",15,2142,0.700280112,NA,96.00929944,19.06039223,450.5057616,126.0951542,251.6351425,"SanJoaquinValley",5743,TRUE,FALSE,TRUE,TRUE,TRUE,TRUE,TRUE,TRUE,TRUE
"382","Tulare",2020,"SoCal",3,1820,0.164835165,NA,96.3411862,19.2357483,600.1310124,124.4713656,271.4892348,"SanJoaquinValley",2138,TRUE,FALSE,TRUE,TRUE,TRUE,TRUE,TRUE,TRUE,TRUE
"383","Tulare",2021,"SoCal",2,511,0.391389432,NA,96.85472205,NA,NA,NA,NA,"SanJoaquinValley",NA,TRUE,FALSE,TRUE,TRUE,TRUE,TRUE,TRUE,TRUE,TRUE
"384","Ventura",2012,"SoCal",29,6449,0.449682121,77.363,375.9506341,78.56335779,329.4262474,135.6081081,443.2905306,"SouthCoast",5,FALSE,FALSE,FALSE,FALSE,TRUE,TRUE,TRUE,TRUE,TRUE
"385","Ventura",2013,"SoCal",17,6537,0.260058131,75.449,377.4981884,78.33505435,249.3688963,133.8040541,751.1088271,"SouthCoast",21,FALSE,FALSE,FALSE,FALSE,TRUE,TRUE,FALSE,TRUE,TRUE
"386","Ventura",2014,"SoCal",17,7146,0.237895326,80.032,379.5905797,78.64622554,315.4368282,148.2094595,380.2362701,"SouthCoast",13,FALSE,FALSE,FALSE,FALSE,TRUE,TRUE,TRUE,TRUE,TRUE
"387","Ventura",2015,"SoCal",38,7990,0.475594493,80.135,381.4750906,79.12118569,272.414931,143.3141892,191.3891155,"SouthCoast",5,TRUE,FALSE,FALSE,FALSE,TRUE,TRUE,TRUE,TRUE,TRUE
"388","Ventura",2016,"SoCal",19,8858,0.214495371,82.857,383.0625,79.49993025,326.1691105,144.5101351,407.1459401,"SouthCoast",11,FALSE,FALSE,FALSE,FALSE,TRUE,TRUE,TRUE,TRUE,TRUE
"389","Ventura",2017,"SoCal",35,10311,0.339443313,84.566,383.7513587,79.78245924,268.5324955,158.1114865,302.4453226,"SouthCoast",19,FALSE,FALSE,FALSE,FALSE,TRUE,TRUE,TRUE,TRUE,TRUE
"390","Ventura",2018,"SoCal",19,10515,0.180694246,92.236,384.5307971,80.30330254,185.5415643,156.6081081,628.6620831,"SouthCoast",20,FALSE,FALSE,FALSE,FALSE,TRUE,TRUE,TRUE,TRUE,TRUE
"391","Yolo",2012,"NorCal",42,3710,1.132075472,54.898,197.2207031,45.29569141,511.2880373,125.6897163,470.2460663,"SacramentoValley",128,TRUE,FALSE,FALSE,TRUE,TRUE,TRUE,FALSE,FALSE,TRUE
"392","Yolo",2013,"NorCal",48,4115,1.166464156,53.765,199.78125,45.12959961,351.2949879,132.6471631,619.6385267,"SacramentoValley",125,TRUE,FALSE,FALSE,TRUE,TRUE,TRUE,FALSE,FALSE,TRUE
"393","Yolo",2014,"NorCal",40,4644,0.861326443,58.966,201.4570313,45.39642578,501.6157272,135.1666667,512.2073052,"SacramentoValley",130,TRUE,FALSE,FALSE,TRUE,TRUE,TRUE,FALSE,FALSE,TRUE
"394","Yolo",2015,"NorCal",46,5031,0.914331147,64.904,203.5136719,46.011625,491.7979497,132.8457447,277.9665075,"SacramentoValley",145,TRUE,FALSE,FALSE,TRUE,TRUE,TRUE,FALSE,FALSE,TRUE
"395","Yolo",2016,"NorCal",31,4815,0.643821391,65.729,207.0673828,46.14953516,472.5650505,140.5780142,397.0462726,"SacramentoValley",133,TRUE,FALSE,FALSE,TRUE,TRUE,TRUE,FALSE,FALSE,TRUE
"396","Yolo",2017,"NorCal",44,4904,0.897226754,68.67,210.5732422,46.26945703,471.5000518,139.9131206,419.7633391,"SacramentoValley",514,TRUE,FALSE,FALSE,TRUE,TRUE,TRUE,FALSE,FALSE,TRUE
"397","Yolo",2018,"NorCal",52,5869,0.886011246,71.417,213.3564453,46.73835156,335.6749821,133.2021277,647.2372168,"SacramentoValley",1075,TRUE,FALSE,FALSE,TRUE,TRUE,TRUE,FALSE,FALSE,TRUE
"398","Yolo",2019,"NorCal",46,6698,0.686772171,NA,214.9589844,47.08552539,310.6094753,129.748227,439.338283,"SacramentoValley",588,TRUE,FALSE,FALSE,TRUE,TRUE,TRUE,FALSE,FALSE,TRUE
"399","Yolo",2020,"NorCal",40,7691,0.520088415,NA,215.3320313,47.52024219,473.7469808,128.0053191,596.781346,"SacramentoValley",169,TRUE,FALSE,FALSE,TRUE,TRUE,TRUE,FALSE,FALSE,TRUE
"400","Yolo",2021,"NorCal",34,2336,1.455479452,NA,214.578125,NA,NA,NA,NA,"SacramentoValley",NA,TRUE,FALSE,FALSE,TRUE,TRUE,TRUE,FALSE,FALSE,TRUE
"401","Yuba",2012,"NorCal",63,2620,2.404580153,43.801,112.560559,26.2542205,562.2788622,125.8461538,549.1000628,"SacramentoValley",NA,FALSE,FALSE,FALSE,FALSE,FALSE,FALSE,FALSE,FALSE,FALSE
"402","Yuba",2013,"NorCal",14,1238,1.13085622,42.143,113.0031056,26.32191304,363.7494818,131.1153846,712.8996925,"SacramentoValley",NA,FALSE,FALSE,FALSE,FALSE,TRUE,FALSE,FALSE,FALSE,TRUE
"403","Yuba",2014,"NorCal",62,1963,3.158430973,50.451,113.4937888,26.45348447,548.0720697,132,631.601033,"SacramentoValley",NA,FALSE,FALSE,FALSE,FALSE,FALSE,FALSE,FALSE,FALSE,FALSE
"404","Yuba",2015,"NorCal",49,1885,2.599469496,49.259,114.181677,26.70423292,529.2093872,132.4038462,391.9891105,"SacramentoValley",NA,FALSE,FALSE,FALSE,FALSE,FALSE,FALSE,FALSE,FALSE,FALSE
"405","Yuba",2016,"NorCal",41,2003,2.046929606,63.12,114.9767081,26.90063665,505.2902564,139.8653846,447.7093829,"SacramentoValley",85,FALSE,FALSE,FALSE,FALSE,FALSE,FALSE,FALSE,FALSE,FALSE
"406","Yuba",2017,"NorCal",33,1777,1.857062465,46.574,116.3850932,27.03888199,511.8857458,136.5384615,510.8407659,"SacramentoValley",80,FALSE,FALSE,FALSE,FALSE,FALSE,FALSE,FALSE,FALSE,FALSE
"407","Yuba",2018,"NorCal",24,1662,1.444043321,58.765,118.9099379,27.27151553,344.91689,132.9615385,788.4532053,"SacramentoValley",73,FALSE,FALSE,FALSE,TRUE,TRUE,TRUE,FALSE,FALSE,TRUE
"408","Yuba",2019,"NorCal",23,1699,1.353737493,NA,120.4301242,27.35160248,325.3885674,129.4038462,549.1705912,"SacramentoValley",57,TRUE,FALSE,FALSE,TRUE,TRUE,TRUE,FALSE,FALSE,TRUE
"409","Yuba",2020,"NorCal",40,1763,2.268859898,NA,122.1552795,27.69769255,498.1599957,129.0384615,751.0166068,"SacramentoValley",20,FALSE,FALSE,FALSE,TRUE,TRUE,TRUE,FALSE,FALSE,TRUE
"410","Yuba",2021,"NorCal",8,451,1.77383592,NA,124.4720497,NA,NA,NA,NA,"SacramentoValley",NA,FALSE,FALSE,FALSE,FALSE,TRUE,TRUE,FALSE,FALSE,TRUE
